ticker,signal_date,entry_date,entry,stop,target,planned_rr,entry_reason,exit_idx,exit_date,exit_reason,exit_price,r_achieved
M44U.SI,2023-11-30 00:00:00+08:00,2023-12-01 00:00:00+08:00,1.3619247674942017,1.3210670244693756,1.4436402535438537,2.0,Pullback,82,2023-12-15 00:00:00+08:00,Target,1.4436402535438537,2.0
A17U.SI,2023-11-30 00:00:00+08:00,2023-12-01 00:00:00+08:00,2.409957519885863,2.337658794289287,2.5545549710790154,2.0,Breakout,91,2023-12-29 00:00:00+08:00,Target,2.5545549710790154,2.0
ME8U.SI,2023-11-30 00:00:00+08:00,2023-12-01 00:00:00+08:00,1.9649653797080393,1.906016418316798,2.082863302490522,2.0000000000000036,Breakout,82,2023-12-15 00:00:00+08:00,Target,2.082863302490522,2.0000000000000036
BN4.SI,2023-12-01 00:00:00+08:00,2023-12-04 00:00:00+08:00,6.127994140824039,5.944154316599318,6.495673789273481,2.0,Breakout,76,2023-12-07 00:00:00+08:00,Stop,5.944154316599318,-1.0
V03.SI,2023-12-04 00:00:00+08:00,2023-12-05 00:00:00+08:00,11.280621528625488,10.942202882766724,11.957458820343017,2.0,Pullback,82,2023-12-15 00:00:00+08:00,Stop,10.942202882766724,-1.0
9CI.SI,2023-12-07 00:00:00+08:00,2023-12-08 00:00:00+08:00,2.827763319015503,2.7429304194450377,2.9974291181564334,2.0,Pullback,78,2023-12-11 00:00:00+08:00,Stop,2.7429304194450377,-1.0
C38U.SI,2023-12-08 00:00:00+08:00,2023-12-11 00:00:00+08:00,1.626836895942688,1.5780317890644073,1.7244471096992493,2.0,Pullback,82,2023-12-15 00:00:00+08:00,Target,1.7244471096992493,2.0
BN4.SI,2023-12-08 00:00:00+08:00,2023-12-11 00:00:00+08:00,6.017688751220703,5.837158088684082,6.3787500762939455,2.0,Pullback,115,2024-02-02 00:00:00+08:00,Target,6.3787500762939455,2.0
N2IU.SI,2023-12-08 00:00:00+08:00,2023-12-11 00:00:00+08:00,1.1969505548477173,1.1610420382022857,1.2760731685790931,2.2034497975132066,Pullback,82,2023-12-15 00:00:00+08:00,Target,1.2760731685790931,2.2034497975132066
C6L.SI,2023-12-12 00:00:00+08:00,2023-12-13 00:00:00+08:00,5.6761674880981445,5.5058824634552,6.016737537384033,2.0,Pullback,115,2024-02-02 00:00:00+08:00,Target,6.016737537384033,2.0
S68.SI,2023-12-13 00:00:00+08:00,2023-12-14 00:00:00+08:00,8.920181274414062,8.724441559577627,9.311660704086933,2.0,Pullback,112,2024-01-30 00:00:00+08:00,Stop,8.724441559577627,-1.0
Z74.SI,2023-12-15 00:00:00+08:00,2023-12-18 00:00:00+08:00,2.2207965085802077,2.1541726133228014,2.3540442990950203,2.0,Breakout,95,2024-01-05 00:00:00+08:00,Stop,2.1541726133228014,-1.0
M44U.SI,2023-12-18 00:00:00+08:00,2023-12-19 00:00:00+08:00,1.4042205810546875,1.362093963623047,1.4884738159179687,2.0,Pullback,104,2024-01-18 00:00:00+08:00,Stop,1.362093963623047,-1.0
N2IU.SI,2023-12-18 00:00:00+08:00,2023-12-19 00:00:00+08:00,1.2935412053289996,1.2547349691691296,1.3711536776487396,2.0,Breakout,86,2023-12-21 00:00:00+08:00,Stop,1.2547349691691296,-1.0
ME8U.SI,2023-12-19 00:00:00+08:00,2023-12-20 00:00:00+08:00,2.043531656265259,1.982225706577301,2.1661435556411743,2.0,Pullback,122,2024-02-14 00:00:00+08:00,Stop,1.982225706577301,-1.0
C38U.SI,2023-12-20 00:00:00+08:00,2023-12-21 00:00:00+08:00,1.6867730617523193,1.6361698698997498,1.7879794454574585,2.0,Pullback,126,2024-02-20 00:00:00+08:00,Timeout,1.7341428995132446,0.936103752090095
C09.SI,2023-12-27 00:00:00+08:00,2023-12-28 00:00:00+08:00,6.117252349853516,5.93373477935791,6.484287490844727,2.0,Pullback,95,2024-01-05 00:00:00+08:00,Stop,5.93373477935791,-1.0
H78.SI,2023-12-28 00:00:00+08:00,2023-12-29 00:00:00+08:00,2.9990270137786865,2.909056203365326,3.1789686346054076,2.0,Pullback,100,2024-01-12 00:00:00+08:00,Stop,2.909056203365326,-1.0
S63.SI,2023-12-28 00:00:00+08:00,2023-12-29 00:00:00+08:00,3.5625221729278564,3.4556465077400205,3.7762735033035284,2.0,Pullback,112,2024-01-30 00:00:00+08:00,Stop,3.4556465077400205,-1.0
N2IU.SI,2023-12-28 00:00:00+08:00,2023-12-29 00:00:00+08:00,1.335814059748786,1.2957396379563224,1.415962903333713,2.0,Breakout,93,2024-01-03 00:00:00+08:00,Stop,1.2957396379563224,-1.0
U11.SI,2023-12-28 00:00:00+08:00,2023-12-29 00:00:00+08:00,24.604929435447715,23.866781552384282,26.081225201574583,2.0,Breakout,94,2024-01-04 00:00:00+08:00,Stop,23.866781552384282,-1.0
A17U.SI,2024-01-02 00:00:00+08:00,2024-01-03 00:00:00+08:00,2.5123486518859863,2.4369781923294065,2.663089570999146,2.0,Pullback,98,2024-01-10 00:00:00+08:00,Stop,2.4369781923294065,-1.0
V03.SI,2024-01-03 00:00:00+08:00,2024-01-04 00:00:00+08:00,11.736665725708008,11.384565753936768,12.440865669250488,2.0,Pullback,134,2024-03-01 00:00:00+08:00,Timeout,12.046430587768555,0.8797639502845556
D05.SI,2024-01-03 00:00:00+08:00,2024-01-04 00:00:00+08:00,25.591503143310547,24.82375804901123,27.126993331909183,2.0,Pullback,103,2024-01-17 00:00:00+08:00,Stop,24.82375804901123,-1.0
O39.SI,2024-01-03 00:00:00+08:00,2024-01-04 00:00:00+08:00,10.907427787780762,10.580204954147339,11.561873455047607,2.0,Pullback,134,2024-03-01 00:00:00+08:00,Timeout,11.052066802978516,0.44201993360826525
N2IU.SI,2024-01-04 00:00:00+08:00,2024-01-05 00:00:00+08:00,1.2812429666519165,1.242805677652359,1.3581175446510314,2.0,Pullback,103,2024-01-17 00:00:00+08:00,Stop,1.242805677652359,-1.0
U14.SI,2024-01-05 00:00:00+08:00,2024-01-08 00:00:00+08:00,5.650241374969482,5.480734133720397,6.070809606739824,2.4811225094055507,Pullback,117,2024-02-06 00:00:00+08:00,Stop,5.480734133720397,-1.0
BS6.SI,2024-01-11 00:00:00+08:00,2024-01-12 00:00:00+08:00,1.3947521084965315,1.3529095452416355,1.4784372350063235,2.0,Breakout,114,2024-02-01 00:00:00+08:00,Target,1.4784372350063235,2.0
BS6.SI,2024-02-02 00:00:00+08:00,2024-02-05 00:00:00+08:00,1.4340360164642334,1.3910149359703063,1.5200781774520875,2.0,Pullback,117,2024-02-06 00:00:00+08:00,Stop,1.3910149359703063,-1.0
Z74.SI,2024-02-02 00:00:00+08:00,2024-02-05 00:00:00+08:00,2.2664919279663374,2.198497170127347,2.402481443644318,2.0,Breakout,117,2024-02-06 00:00:00+08:00,Stop,2.198497170127347,-1.0
BN4.SI,2024-02-05 00:00:00+08:00,2024-02-06 00:00:00+08:00,6.3110175132751465,6.121686987876892,6.689678564071656,2.0,Pullback,157,2024-04-04 00:00:00+08:00,Timeout,6.506570816040039,1.0328672693087835
U11.SI,2024-02-06 00:00:00+08:00,2024-02-07 00:00:00+08:00,23.953125,23.485459051616452,24.888456896767096,2.0,Pullback,125,2024-02-19 00:00:00+08:00,Target,24.888456896767096,2.0
C6L.SI,2024-02-13 00:00:00+08:00,2024-02-14 00:00:00+08:00,6.274853770921004,6.086608157793373,6.651344997176265,2.0,Breakout,127,2024-02-21 00:00:00+08:00,Stop,6.086608157793373,-1.0
D05.SI,2024-02-15 00:00:00+08:00,2024-02-16 00:00:00+08:00,26.229676508605564,25.442786213347397,27.8034570991219,2.0,Breakout,149,2024-03-22 00:00:00+08:00,Target,27.8034570991219,2.0
C38U.SI,2024-02-21 00:00:00+08:00,2024-02-22 00:00:00+08:00,1.7165374755859375,1.6650413513183593,1.819529724121094,2.0,Pullback,131,2024-02-27 00:00:00+08:00,Stop,1.6650413513183593,-1.0
U11.SI,2024-02-22 00:00:00+08:00,2024-02-23 00:00:00+08:00,24.233728408813477,23.68953311349987,25.32211899944069,2.0,Pullback,152,2024-03-27 00:00:00+08:00,Target,25.32211899944069,2.0
BS6.SI,2024-02-22 00:00:00+08:00,2024-02-23 00:00:00+08:00,1.468800663948059,1.4247366440296172,1.5569287037849429,2.0,Pullback,134,2024-03-01 00:00:00+08:00,Target,1.5569287037849429,2.0
U14.SI,2024-02-23 00:00:00+08:00,2024-02-26 00:00:00+08:00,5.7965264320373535,5.622630639076233,6.144318017959595,2.0,Pullback,131,2024-02-27 00:00:00+08:00,Stop,5.622630639076233,-1.0
U14.SI,2024-02-28 00:00:00+08:00,2024-02-29 00:00:00+08:00,5.622812747955322,5.454128365516662,6.061666768624142,2.6016280483369774,Trend-continuation,134,2024-03-01 00:00:00+08:00,Stop,5.454128365516662,-1.0
BS6.SI,2024-03-05 00:00:00+08:00,2024-03-06 00:00:00+08:00,1.5383296012878418,1.4921797132492065,1.6306293773651124,2.0,Pullback,139,2024-03-08 00:00:00+08:00,Target,1.6306293773651124,2.0
V03.SI,2024-03-05 00:00:00+08:00,2024-03-06 00:00:00+08:00,12.115266799926758,11.751808795928955,12.842182807922363,2.0,Pullback,177,2024-05-06 00:00:00+08:00,Timeout,12.261545181274414,0.4024629523595266
BS6.SI,2024-03-11 00:00:00+08:00,2024-03-12 00:00:00+08:00,1.6562681021745171,1.6065800591092816,1.7556441883049883,2.0,Breakout,142,2024-03-13 00:00:00+08:00,Stop,1.6065800591092816,-1.0
Z74.SI,2024-03-14 00:00:00+08:00,2024-03-15 00:00:00+08:00,2.2939090477350836,2.225091776303031,2.4315435905991887,2.0,Breakout,156,2024-04-03 00:00:00+08:00,Stop,2.225091776303031,-1.0
O39.SI,2024-03-15 00:00:00+08:00,2024-03-18 00:00:00+08:00,11.477772671699523,11.133439491548536,12.166439032001495,2.0,Breakout,171,2024-04-25 00:00:00+08:00,Target,12.166439032001495,2.0
C38U.SI,2024-03-21 00:00:00+08:00,2024-03-22 00:00:00+08:00,1.742945671081543,1.6906573009490966,1.8475224113464357,2.0,Pullback,162,2024-04-12 00:00:00+08:00,Stop,1.6906573009490966,-1.0
BS6.SI,2024-03-22 00:00:00+08:00,2024-03-25 00:00:00+08:00,1.6165496110916138,1.5680531227588652,1.7135425877571109,2.0,Pullback,161,2024-04-11 00:00:00+08:00,Stop,1.5680531227588652,-1.0
S63.SI,2024-03-26 00:00:00+08:00,2024-03-27 00:00:00+08:00,3.7495504283758594,3.6370639155245836,3.974523454078411,2.0,Breakout,163,2024-04-15 00:00:00+08:00,Stop,3.6370639155245836,-1.0
D05.SI,2024-03-27 00:00:00+08:00,2024-03-28 00:00:00+08:00,28.561024173736573,27.704193448524475,30.27468562416077,2.0,Breakout,174,2024-04-30 00:00:00+08:00,Target,30.27468562416077,2.0
U11.SI,2024-04-18 00:00:00+08:00,2024-04-19 00:00:00+08:00,25.739230512382363,24.967053597010892,27.283584343125305,2.0,Breakout,207,2024-06-19 00:00:00+08:00,Timeout,26.96782684326172,1.5910814043026846
D05.SI,2024-05-02 00:00:00+08:00,2024-05-03 00:00:00+08:00,31.342785903840223,30.402502326725017,33.223353058070636,2.0,Breakout,216,2024-07-02 00:00:00+08:00,Timeout,32.698326110839844,1.4416291425172214
C09.SI,2024-05-02 00:00:00+08:00,2024-05-03 00:00:00+08:00,5.642396450042725,5.473124556541443,5.980940237045289,2.0,Pullback,184,2024-05-15 00:00:00+08:00,Stop,5.473124556541443,-1.0
C38U.SI,2024-05-03 00:00:00+08:00,2024-05-06 00:00:00+08:00,1.6989319324493408,1.6479639744758605,1.8008678483963014,2.0,Trend-continuation,217,2024-07-03 00:00:00+08:00,Timeout,1.7341428995132446,0.6908451596633479
S63.SI,2024-05-03 00:00:00+08:00,2024-05-06 00:00:00+08:00,3.68216872215271,3.5717036604881285,3.903098845481873,2.0,Pullback,183,2024-05-14 00:00:00+08:00,Target,3.903098845481873,2.0
C6L.SI,2024-05-07 00:00:00+08:00,2024-05-08 00:00:00+08:00,5.878260135650635,5.7019123315811155,6.484538257395808,3.437968082132561,Pullback,219,2024-07-05 00:00:00+08:00,Timeout,6.133072853088379,1.4449440909243914
O39.SI,2024-05-08 00:00:00+08:00,2024-05-09 00:00:00+08:00,12.053704261779785,11.692093133926392,12.776926517486572,2.0,Pullback,196,2024-06-03 00:00:00+08:00,Target,12.776926517486572,2.0
H78.SI,2024-05-08 00:00:00+08:00,2024-05-09 00:00:00+08:00,2.9296038150787354,2.841715700626373,3.10538004398346,2.0,Pullback,182,2024-05-13 00:00:00+08:00,Target,3.10538004398346,2.0
BS6.SI,2024-05-13 00:00:00+08:00,2024-05-14 00:00:00+08:00,1.5709407329559326,1.5238125109672547,1.6860788401708235,2.4430819232380894,Pullback,190,2024-05-24 00:00:00+08:00,Target,1.6860788401708235,2.4430819232380894
S63.SI,2024-05-15 00:00:00+08:00,2024-05-16 00:00:00+08:00,3.925154685974121,3.8074000453948975,4.160663967132568,2.0,Pullback,202,2024-06-11 00:00:00+08:00,Stop,3.8074000453948975,-1.0
V03.SI,2024-05-16 00:00:00+08:00,2024-05-17 00:00:00+08:00,12.721220087327204,12.339583484707388,13.484493292566835,2.0,Breakout,201,2024-06-10 00:00:00+08:00,Stop,12.339583484707388,-1.0
9CI.SI,2024-05-20 00:00:00+08:00,2024-05-21 00:00:00+08:00,2.598353385925293,2.5204027843475343,2.7542545890808103,2.0,Pullback,190,2024-05-24 00:00:00+08:00,Stop,2.5204027843475343,-1.0
H78.SI,2024-05-21 00:00:00+08:00,2024-05-23 00:00:00+08:00,3.1472833156585693,3.052864816188812,3.336120314598084,2.0,Trend-continuation,190,2024-05-24 00:00:00+08:00,Stop,3.052864816188812,-1.0
S68.SI,2024-05-21 00:00:00+08:00,2024-05-23 00:00:00+08:00,9.095969526655743,8.82309044085607,9.641727698255089,2.0,Breakout,229,2024-07-19 00:00:00+08:00,Timeout,9.275933265686035,0.6594999338366581
Z74.SI,2024-05-23 00:00:00+08:00,2024-05-24 00:00:00+08:00,2.1959304809570312,2.141259960384953,2.332606741552756,2.4999992530806314,Pullback,202,2024-06-11 00:00:00+08:00,Target,2.332606741552756,2.4999992530806314
9CI.SI,2024-05-27 00:00:00+08:00,2024-05-28 00:00:00+08:00,2.512378454208374,2.4370071005821226,2.663121161460877,2.0,Pullback,224,2024-07-12 00:00:00+08:00,Target,2.663121161460877,2.0
BS6.SI,2024-05-28 00:00:00+08:00,2024-05-29 00:00:00+08:00,1.8110960717843592,1.7567631896308284,1.9197618360914206,2.0,Breakout,194,2024-05-30 00:00:00+08:00,Target,1.9197618360914206,2.0
BS6.SI,2024-06-07 00:00:00+08:00,2024-06-10 00:00:00+08:00,2.1758432388305664,2.1105679416656495,2.3063938331604,2.0,Trend-continuation,203,2024-06-12 00:00:00+08:00,Stop,2.1105679416656495,-1.0
BS6.SI,2024-06-18 00:00:00+08:00,2024-06-19 00:00:00+08:00,2.202928304672241,2.136840455532074,2.3351040029525754,2.0,Trend-continuation,220,2024-07-08 00:00:00+08:00,Stop,2.136840455532074,-1.0
Z74.SI,2024-06-25 00:00:00+08:00,2024-06-26 00:00:00+08:00,2.4309954408510777,2.3580655776255455,2.576855167302142,2.0,Breakout,217,2024-07-03 00:00:00+08:00,Target,2.576855167302142,2.0
S63.SI,2024-06-27 00:00:00+08:00,2024-06-28 00:00:00+08:00,4.098289531230926,3.9753408452939984,4.344186903104782,2.0,Breakout,217,2024-07-03 00:00:00+08:00,Stop,3.9753408452939984,-1.0
O39.SI,2024-07-02 00:00:00+08:00,2024-07-03 00:00:00+08:00,13.013090327262876,12.62269761744499,13.79387574689865,2.0,Breakout,240,2024-08-05 00:00:00+08:00,Stop,12.62269761744499,-1.0
U11.SI,2024-07-03 00:00:00+08:00,2024-07-04 00:00:00+08:00,28.451583526877002,27.59803602107069,30.158678538489625,2.0,Breakout,240,2024-08-05 00:00:00+08:00,Stop,27.59803602107069,-1.0
V03.SI,2024-07-03 00:00:00+08:00,2024-07-04 00:00:00+08:00,12.834983447074888,12.449933943662641,13.605082453899383,2.0,Breakout,238,2024-08-01 00:00:00+08:00,Target,13.605082453899383,2.0
D05.SI,2024-07-03 00:00:00+08:00,2024-07-04 00:00:00+08:00,33.74230322582821,32.730034129053365,35.7668414193779,2.0,Breakout,220,2024-07-08 00:00:00+08:00,Stop,32.730034129053365,-1.0
Z74.SI,2024-07-04 00:00:00+08:00,2024-07-05 00:00:00+08:00,2.6503332983029373,2.570823299353849,2.8093532962011136,2.0,Breakout,220,2024-07-08 00:00:00+08:00,Stop,2.570823299353849,-1.0
S63.SI,2024-07-05 00:00:00+08:00,2024-07-08 00:00:00+08:00,4.019975662231445,3.899376392364502,4.261174201965332,2.0,Pullback,247,2024-08-15 00:00:00+08:00,Target,4.261174201965332,2.0
D05.SI,2024-07-09 00:00:00+08:00,2024-07-10 00:00:00+08:00,32.962738037109375,31.973855895996092,34.94050231933594,2.0,Pullback,230,2024-07-22 00:00:00+08:00,Stop,31.973855895996092,-1.0
C38U.SI,2024-07-11 00:00:00+08:00,2024-07-12 00:00:00+08:00,1.8188079001708781,1.7642436631657517,1.927936374181131,2.0,Breakout,254,2024-08-26 00:00:00+08:00,Target,1.927936374181131,2.0
H78.SI,2024-07-15 00:00:00+08:00,2024-07-16 00:00:00+08:00,3.0656535625457764,2.973683955669403,3.249592776298523,2.0,Pullback,237,2024-07-31 00:00:00+08:00,Stop,2.973683955669403,-1.0
9CI.SI,2024-07-15 00:00:00+08:00,2024-07-16 00:00:00+08:00,2.6365644931793213,2.5574675583839417,2.7947583627700805,2.0,Pullback,233,2024-07-25 00:00:00+08:00,Stop,2.5574675583839417,-1.0
N2IU.SI,2024-07-15 00:00:00+08:00,2024-07-16 00:00:00+08:00,1.1593091487884521,1.1245298743247985,1.2288676977157595,2.0,Trend-continuation,233,2024-07-25 00:00:00+08:00,Stop,1.1245298743247985,-1.0
Z74.SI,2024-07-17 00:00:00+08:00,2024-07-18 00:00:00+08:00,2.751746892929077,2.6691944861412047,2.916851706504822,2.0,Trend-continuation,238,2024-08-01 00:00:00+08:00,Stop,2.6691944861412047,-1.0
ME8U.SI,2024-07-22 00:00:00+08:00,2024-07-23 00:00:00+08:00,1.9818092584609985,1.9223549807071685,2.1007178139686586,2.0,Pullback,252,2024-08-22 00:00:00+08:00,Target,2.1007178139686586,2.0
A17U.SI,2024-07-24 00:00:00+08:00,2024-07-25 00:00:00+08:00,2.32088565826416,2.2512590885162354,2.4601387977600098,2.0,Pullback,249,2024-08-19 00:00:00+08:00,Target,2.4601387977600098,2.0
BS6.SI,2024-07-26 00:00:00+08:00,2024-07-29 00:00:00+08:00,2.3815913228622194,2.3101435831763526,2.524486802233953,2.0,Breakout,239,2024-08-02 00:00:00+08:00,Stop,2.3101435831763526,-1.0
V03.SI,2024-08-02 00:00:00+08:00,2024-08-05 00:00:00+08:00,13.402983665466309,13.099789036768419,14.009372922862088,2.0,Pullback,241,2024-08-06 00:00:00+08:00,Stop,13.099789036768419,-1.0
S68.SI,2024-08-05 00:00:00+08:00,2024-08-06 00:00:00+08:00,9.42755608323971,9.144729400742518,9.993209448234092,2.0,Breakout,242,2024-08-07 00:00:00+08:00,Stop,9.144729400742518,-1.0
BS6.SI,2024-08-13 00:00:00+08:00,2024-08-14 00:00:00+08:00,2.490256961844519,2.4155492529891833,2.639672379555191,2.0,Breakout,247,2024-08-15 00:00:00+08:00,Stop,2.4155492529891833,-1.0
S68.SI,2024-08-13 00:00:00+08:00,2024-08-14 00:00:00+08:00,9.503737213134764,9.218625096740722,10.07396144592285,2.0,Breakout,252,2024-08-22 00:00:00+08:00,Target,10.07396144592285,2.0
H78.SI,2024-08-14 00:00:00+08:00,2024-08-15 00:00:00+08:00,3.1200733184814453,3.026471118927002,3.307277717590332,2.0,Pullback,254,2024-08-26 00:00:00+08:00,Target,3.307277717590332,2.0
BS6.SI,2024-08-16 00:00:00+08:00,2024-08-19 00:00:00+08:00,2.3202974796295166,2.250688555240631,2.482808536235812,2.3346296187309514,Pullback,254,2024-08-26 00:00:00+08:00,Stop,2.250688555240631,-1.0
N2IU.SI,2024-08-21 00:00:00+08:00,2024-08-22 00:00:00+08:00,1.1521193981170654,1.1175558161735535,1.2212465620040893,2.0,Pullback,254,2024-08-26 00:00:00+08:00,Target,1.2212465620040893,2.0
A17U.SI,2024-08-22 00:00:00+08:00,2024-08-23 00:00:00+08:00,2.537536867707451,2.4614107616762273,2.6897890797698984,2.0,Breakout,290,2024-10-15 00:00:00+08:00,Stop,2.4614107616762273,-1.0
S63.SI,2024-08-22 00:00:00+08:00,2024-08-23 00:00:00+08:00,4.2649922370910645,4.137042469978333,4.520891771316528,2.0,Pullback,272,2024-09-19 00:00:00+08:00,Target,4.520891771316528,2.0
O39.SI,2024-08-23 00:00:00+08:00,2024-08-26 00:00:00+08:00,13.008203506469727,12.617957401275634,13.788695716857912,2.0,Pullback,265,2024-09-10 00:00:00+08:00,Target,13.788695716857912,2.0
D05.SI,2024-08-26 00:00:00+08:00,2024-08-27 00:00:00+08:00,32.06161880493164,31.09977024078369,33.98531593322754,2.0,Pullback,267,2024-09-12 00:00:00+08:00,Target,33.98531593322754,2.0
M44U.SI,2024-08-26 00:00:00+08:00,2024-08-27 00:00:00+08:00,1.205197811126709,1.1690418767929076,1.2775096797943117,2.0,Pullback,264,2024-09-09 00:00:00+08:00,Target,1.2775096797943117,2.0
N2IU.SI,2024-08-27 00:00:00+08:00,2024-08-28 00:00:00+08:00,1.1964316368103027,1.1605386877059936,1.268217535018921,2.0,Pullback,266,2024-09-11 00:00:00+08:00,Target,1.268217535018921,2.0
H78.SI,2024-08-27 00:00:00+08:00,2024-08-28 00:00:00+08:00,3.385261058807373,3.283703227043152,3.5883767223358154,2.0,Trend-continuation,261,2024-09-04 00:00:00+08:00,Stop,3.283703227043152,-1.0
U11.SI,2024-08-27 00:00:00+08:00,2024-08-28 00:00:00+08:00,27.944894790649414,27.106547946929933,29.621588478088377,2.0,Pullback,273,2024-09-20 00:00:00+08:00,Target,29.621588478088377,2.0
Z74.SI,2024-08-30 00:00:00+08:00,2024-09-02 00:00:00+08:00,2.86053232383728,2.7747163541221616,3.0321642632675174,2.0,Breakout,270,2024-09-17 00:00:00+08:00,Target,3.0321642632675174,2.0
9CI.SI,2024-09-03 00:00:00+08:00,2024-09-04 00:00:00+08:00,2.655669927597046,2.5759998297691347,2.8150101232528684,2.0,Trend-continuation,270,2024-09-17 00:00:00+08:00,Target,2.8150101232528684,2.0
ME8U.SI,2024-09-04 00:00:00+08:00,2024-09-05 00:00:00+08:00,2.135204315185547,2.0711481857299803,2.26331657409668,2.0,Pullback,270,2024-09-17 00:00:00+08:00,Target,2.26331657409668,2.0
BS6.SI,2024-09-04 00:00:00+08:00,2024-09-05 00:00:00+08:00,2.3202974796295166,2.250688555240631,2.482808536235812,2.3346296187309514,Pullback,264,2024-09-09 00:00:00+08:00,Stop,2.250688555240631,-1.0
S68.SI,2024-09-10 00:00:00+08:00,2024-09-11 00:00:00+08:00,10.779791871001988,10.456398114871929,11.426579383262107,2.0,Breakout,267,2024-09-12 00:00:00+08:00,Stop,10.456398114871929,-1.0
U14.SI,2024-09-10 00:00:00+08:00,2024-09-11 00:00:00+08:00,5.111559867858887,4.95821307182312,5.418253459930421,2.0,Pullback,306,2024-11-07 00:00:00+08:00,Timeout,5.045299053192139,-0.43209780953814764
M44U.SI,2024-09-11 00:00:00+08:00,2024-09-12 00:00:00+08:00,1.2672300338745117,1.2292131328582763,1.3432638359069826,2.0,Pullback,297,2024-10-24 00:00:00+08:00,Stop,1.2292131328582763,-1.0
5E2.SI,2024-09-11 00:00:00+08:00,2024-09-12 00:00:00+08:00,1.5478311777114868,1.5013962423801421,1.7045734426574988,3.3755245663109,Pullback,272,2024-09-19 00:00:00+08:00,Target,1.7045734426574988,3.3755245663109
O39.SI,2024-09-12 00:00:00+08:00,2024-09-13 00:00:00+08:00,13.900107479111055,13.483104254737723,14.734113927857718,2.0,Breakout,281,2024-10-02 00:00:00+08:00,Stop,13.483104254737723,-1.0
D05.SI,2024-09-13 00:00:00+08:00,2024-09-16 00:00:00+08:00,34.169353937276036,33.144273319157755,36.2195151735126,2.0,Breakout,306,2024-11-07 00:00:00+08:00,Target,36.2195151735126,2.0
S68.SI,2024-09-13 00:00:00+08:00,2024-09-16 00:00:00+08:00,10.662099838256836,10.34223684310913,11.301825828552246,2.0,Pullback,309,2024-11-12 00:00:00+08:00,Timeout,11.167098999023438,1.578798324368234
C6L.SI,2024-09-16 00:00:00+08:00,2024-09-17 00:00:00+08:00,6.040646076202393,5.859426693916321,6.403084840774536,2.0,Pullback,308,2024-11-11 00:00:00+08:00,Stop,5.859426693916321,-1.0
N2IU.SI,2024-09-17 00:00:00+08:00,2024-09-18 00:00:00+08:00,1.360023561675902,1.3192228548256248,1.4416249753764563,2.0,Breakout,272,2024-09-19 00:00:00+08:00,Stop,1.3192228548256248,-1.0
C38U.SI,2024-09-18 00:00:00+08:00,2024-09-19 00:00:00+08:00,1.9347305297851562,1.8766886138916015,2.050814361572266,2.0,Pullback,297,2024-10-24 00:00:00+08:00,Stop,1.8766886138916015,-1.0
BS6.SI,2024-09-18 00:00:00+08:00,2024-09-19 00:00:00+08:00,2.3744680881500244,2.3032340455055236,2.516936173439026,2.0,Pullback,278,2024-09-27 00:00:00+08:00,Stop,2.3032340455055236,-1.0
9CI.SI,2024-09-18 00:00:00+08:00,2024-09-19 00:00:00+08:00,2.7894089221954346,2.7057266545295713,2.956773457527161,2.0,Pullback,279,2024-09-30 00:00:00+08:00,Target,2.956773457527161,2.0
BN4.SI,2024-09-19 00:00:00+08:00,2024-09-20 00:00:00+08:00,6.230286205470896,6.043377619306769,6.60410337779915,2.0,Breakout,289,2024-10-14 00:00:00+08:00,Stop,6.043377619306769,-1.0
C09.SI,2024-09-20 00:00:00+08:00,2024-09-23 00:00:00+08:00,5.0479631423950195,4.8965242481231686,5.3508409309387215,2.0,Pullback,290,2024-10-15 00:00:00+08:00,Stop,4.8965242481231686,-1.0
N2IU.SI,2024-09-20 00:00:00+08:00,2024-09-23 00:00:00+08:00,1.2850563526153564,1.2465046620368958,1.3621597337722777,2.0,Pullback,282,2024-10-03 00:00:00+08:00,Target,1.3621597337722777,2.0
Z74.SI,2024-09-23 00:00:00+08:00,2024-09-24 00:00:00+08:00,3.0342109203338623,2.9431845927238465,3.216263575553894,2.0,Pullback,277,2024-09-26 00:00:00+08:00,Stop,2.9431845927238465,-1.0
5E2.SI,2024-09-23 00:00:00+08:00,2024-09-24 00:00:00+08:00,1.6849807500839233,1.6344313275814055,1.786079595088959,2.0,Trend-continuation,283,2024-10-04 00:00:00+08:00,Target,1.786079595088959,2.0
S63.SI,2024-09-24 00:00:00+08:00,2024-09-25 00:00:00+08:00,4.426833152770996,4.294028158187866,4.692443141937256,2.0,Pullback,301,2024-10-30 00:00:00+08:00,Stop,4.294028158187866,-1.0
U11.SI,2024-09-25 00:00:00+08:00,2024-09-26 00:00:00+08:00,29.286752700805664,28.408150119781492,31.043957862854008,2.0,Pullback,307,2024-11-08 00:00:00+08:00,Target,31.043957862854008,2.0
9CI.SI,2024-10-01 00:00:00+08:00,2024-10-02 00:00:00+08:00,2.9422528743743896,2.853985288143158,3.118788046836853,2.0,Pullback,286,2024-10-09 00:00:00+08:00,Stop,2.853985288143158,-1.0
H78.SI,2024-10-02 00:00:00+08:00,2024-10-03 00:00:00+08:00,3.645215882120604,3.5358594056569856,3.8639288350478407,2.0,Breakout,285,2024-10-08 00:00:00+08:00,Target,3.8639288350478407,2.0
5E2.SI,2024-10-07 00:00:00+08:00,2024-10-08 00:00:00+08:00,2.0928931280472978,2.030106334205879,2.2184667157301354,2.0,Breakout,286,2024-10-09 00:00:00+08:00,Stop,2.030106334205879,-1.0
H78.SI,2024-10-09 00:00:00+08:00,2024-10-10 00:00:00+08:00,3.71733021736145,3.6058103108406065,3.9479338352642253,2.0678247058938672,Trend-continuation,290,2024-10-15 00:00:00+08:00,Stop,3.6058103108406065,-1.0
5E2.SI,2024-10-10 00:00:00+08:00,2024-10-11 00:00:00+08:00,1.9788726568222046,1.9195064771175383,2.1062260088906894,2.1452172381992547,Trend-continuation,289,2024-10-14 00:00:00+08:00,Stop,1.9195064771175383,-1.0
5E2.SI,2024-10-15 00:00:00+08:00,2024-10-16 00:00:00+08:00,1.9396871328353882,1.8814965188503265,2.1062260088906894,2.8619542680552255,Trend-continuation,299,2024-10-28 00:00:00+08:00,Stop,1.8814965188503265,-1.0
BS6.SI,2024-10-21 00:00:00+08:00,2024-10-22 00:00:00+08:00,2.3112690448760986,2.2419309735298154,2.482808536235812,2.4739582170237076,Pullback,303,2024-11-04 00:00:00+08:00,Stop,2.2419309735298154,-1.0
O39.SI,2024-10-21 00:00:00+08:00,2024-10-22 00:00:00+08:00,13.822347640991211,13.41527542788918,14.636492067195274,2.0,Pullback,307,2024-11-08 00:00:00+08:00,Target,14.636492067195274,2.0
H78.SI,2024-10-30 00:00:00+08:00,2024-11-01 00:00:00+08:00,3.9756064414978027,3.8563382482528685,4.214142827987671,2.0,Trend-continuation,303,2024-11-04 00:00:00+08:00,Target,4.214142827987671,2.0
H78.SI,2024-11-05 00:00:00+08:00,2024-11-06 00:00:00+08:00,4.625908462482354,4.487131208607883,4.9034629702312955,2.0,Breakout,306,2024-11-07 00:00:00+08:00,Stop,4.487131208607883,-1.0
BS6.SI,2024-11-08 00:00:00+08:00,2024-11-11 00:00:00+08:00,2.419609785079956,2.347021491527557,2.564786372184754,2.0,Pullback,309,2024-11-12 00:00:00+08:00,Stop,2.347021491527557,-1.0
H78.SI,2024-11-08 00:00:00+08:00,2024-11-11 00:00:00+08:00,4.270779132843018,4.142655758857727,4.612072245745119,2.663784930775276,Trend-continuation,309,2024-11-12 00:00:00+08:00,Stop,4.142655758857727,-1.0
D05.SI,2024-11-08 00:00:00+08:00,2024-11-11 00:00:00+08:00,38.0757003250122,36.93342931526183,40.36024234451293,2.0,Breakout,326,2024-12-05 00:00:00+08:00,Target,40.36024234451293,2.0
U11.SI,2024-11-11 00:00:00+08:00,2024-11-12 00:00:00+08:00,33.49356239594132,32.48875552406308,35.50317613969779,2.0,Breakout,310,2024-11-13 00:00:00+08:00,Stop,32.48875552406308,-1.0
O39.SI,2024-11-12 00:00:00+08:00,2024-11-13 00:00:00+08:00,14.62744426727295,14.18862093925476,15.505090923309329,2.0,Pullback,348,2025-01-08 00:00:00+08:00,Target,15.505090923309329,2.0
BS6.SI,2024-11-13 00:00:00+08:00,2024-11-14 00:00:00+08:00,2.3473825454711914,2.2769610691070556,2.491836872163218,2.05128228134669,Pullback,313,2024-11-18 00:00:00+08:00,Stop,2.2769610691070556,-1.0
S63.SI,2024-11-14 00:00:00+08:00,2024-11-15 00:00:00+08:00,4.474432945251465,4.340199956893921,4.742898921966553,2.0,Pullback,313,2024-11-18 00:00:00+08:00,Stop,4.340199956893921,-1.0
U11.SI,2024-11-14 00:00:00+08:00,2024-11-15 00:00:00+08:00,32.42075729370117,31.448134574890137,34.36600273132324,2.0,Trend-continuation,352,2025-01-14 00:00:00+08:00,Timeout,33.29431915283203,0.8981507857422139
BN4.SI,2024-11-18 00:00:00+08:00,2024-11-19 00:00:00+08:00,6.164805889129639,5.979861712455749,6.534694242477418,2.0,Pullback,346,2025-01-06 00:00:00+08:00,Target,6.534694242477418,2.0
S68.SI,2024-11-18 00:00:00+08:00,2024-11-19 00:00:00+08:00,11.485332489013672,11.140772514343261,12.174452438354493,2.0,Pullback,317,2024-11-22 00:00:00+08:00,Target,12.174452438354493,2.0
BS6.SI,2024-11-19 00:00:00+08:00,2024-11-20 00:00:00+08:00,2.3564109802246094,2.285718650817871,2.4977956390380864,2.0,Pullback,319,2024-11-26 00:00:00+08:00,Stop,2.285718650817871,-1.0
Z74.SI,2024-11-19 00:00:00+08:00,2024-11-20 00:00:00+08:00,2.943093776702881,2.8548009634017943,3.119679403305054,2.0,Pullback,318,2024-11-25 00:00:00+08:00,Stop,2.8548009634017943,-1.0
S68.SI,2024-11-25 00:00:00+08:00,2024-11-26 00:00:00+08:00,12.198945999145508,11.832977619171142,12.930882759094239,2.0,Trend-continuation,330,2024-12-11 00:00:00+08:00,Stop,11.832977619171142,-1.0
5E2.SI,2024-12-02 00:00:00+08:00,2024-12-03 00:00:00+08:00,1.9102978706359863,1.8529889345169066,2.1062260088906894,3.418806062768163,Pullback,345,2025-01-03 00:00:00+08:00,Target,2.1062260088906894,3.418806062768163
D05.SI,2024-12-06 00:00:00+08:00,2024-12-09 00:00:00+08:00,39.607791900634766,38.419558143615724,41.98425941467285,2.0,Pullback,368,2025-02-07 00:00:00+08:00,Timeout,40.51456069946289,0.7631232436140879
C6L.SI,2024-12-10 00:00:00+08:00,2024-12-11 00:00:00+08:00,6.052318096160889,5.870748553276062,6.415457181930542,2.0,Pullback,370,2025-02-11 00:00:00+08:00,Timeout,6.00510835647583,-0.26000913443398793
Z74.SI,2024-12-13 00:00:00+08:00,2024-12-16 00:00:00+08:00,2.9421565532684326,2.8538918566703795,3.118685946464539,2.0,Pullback,350,2025-01-10 00:00:00+08:00,Stop,2.8538918566703795,-1.0
BS6.SI,2024-12-16 00:00:00+08:00,2024-12-17 00:00:00+08:00,2.6001780033111572,2.5221726632118227,2.7561886835098264,2.0,Trend-continuation,348,2025-01-08 00:00:00+08:00,Target,2.7561886835098264,2.0
S63.SI,2024-12-30 00:00:00+08:00,2024-12-31 00:00:00+08:00,4.446627616882324,4.313228788375854,4.713425273895265,2.0,Pullback,368,2025-02-07 00:00:00+08:00,Target,4.713425273895265,2.0
5E2.SI,2025-01-07 00:00:00+08:00,2025-01-08 00:00:00+08:00,2.21080234670639,2.144478276305198,2.3434504875087736,2.0,Breakout,350,2025-01-10 00:00:00+08:00,Stop,2.144478276305198,-1.0
O39.SI,2025-01-10 00:00:00+08:00,2025-01-13 00:00:00+08:00,15.468727111816406,15.004665298461914,16.39685073852539,2.0,Pullback,390,2025-03-11 00:00:00+08:00,Stop,15.004665298461914,-1.0
BS6.SI,2025-01-10 00:00:00+08:00,2025-01-13 00:00:00+08:00,2.7085185050964355,2.6272629499435425,2.8710296154022217,2.0,Pullback,356,2025-01-20 00:00:00+08:00,Stop,2.6272629499435425,-1.0
5E2.SI,2025-01-13 00:00:00+08:00,2025-01-14 00:00:00+08:00,2.1258187294006348,2.0620441675186156,2.253367853164673,2.0,Pullback,372,2025-02-13 00:00:00+08:00,Target,2.253367853164673,2.0
Z74.SI,2025-01-21 00:00:00+08:00,2025-01-22 00:00:00+08:00,2.9327869415283203,2.848457138959072,3.101446546666817,2.0,Pullback,363,2025-01-31 00:00:00+08:00,Target,3.101446546666817,2.0
Z74.SI,2025-02-03 00:00:00+08:00,2025-02-04 00:00:00+08:00,3.017115831375122,2.926602356433868,3.19814278125763,2.0,Pullback,371,2025-02-12 00:00:00+08:00,Target,3.19814278125763,2.0
S68.SI,2025-02-06 00:00:00+08:00,2025-02-07 00:00:00+08:00,12.256807327270508,11.889103107452392,12.992215766906739,2.0,Pullback,369,2025-02-10 00:00:00+08:00,Target,12.992215766906739,2.0
D05.SI,2025-02-10 00:00:00+08:00,2025-02-11 00:00:00+08:00,41.1493034362793,39.914824333190914,43.61826164245606,2.0,Pullback,392,2025-03-13 00:00:00+08:00,Stop,39.914824333190914,-1.0
S63.SI,2025-02-10 00:00:00+08:00,2025-02-11 00:00:00+08:00,4.705935001373291,4.564756951332092,4.9882911014556885,2.0,Pullback,382,2025-02-27 00:00:00+08:00,Target,4.9882911014556885,2.0
S68.SI,2025-02-12 00:00:00+08:00,2025-02-13 00:00:00+08:00,13.172935485839844,12.777747421264648,13.963311614990236,2.0,Trend-continuation,373,2025-02-14 00:00:00+08:00,Stop,12.777747421264648,-1.0
5E2.SI,2025-02-14 00:00:00+08:00,2025-02-17 00:00:00+08:00,2.544879044247465,2.468532672920041,2.697571786902313,2.0,Breakout,377,2025-02-20 00:00:00+08:00,Stop,2.468532672920041,-1.0
S68.SI,2025-02-17 00:00:00+08:00,2025-02-18 00:00:00+08:00,12.59049129486084,12.212776556015013,13.539383807454943,2.5121935021482362,Pullback,378,2025-02-21 00:00:00+08:00,Stop,12.212776556015013,-1.0
Z74.SI,2025-02-17 00:00:00+08:00,2025-02-18 00:00:00+08:00,3.1108152866363525,3.017490828037262,3.297464203834534,2.0,Pullback,404,2025-04-01 00:00:00+08:00,Target,3.297464203834534,2.0
BS6.SI,2025-02-17 00:00:00+08:00,2025-02-18 00:00:00+08:00,2.789773941040039,2.7060807228088377,2.9571603775024418,2.0,Pullback,377,2025-02-20 00:00:00+08:00,Target,2.9571603775024418,2.0
BN4.SI,2025-02-18 00:00:00+08:00,2025-02-19 00:00:00+08:00,6.370924472808838,6.21165132522583,6.6894707679748535,2.0,Pullback,390,2025-03-11 00:00:00+08:00,Stop,6.21165132522583,-1.0
U11.SI,2025-02-18 00:00:00+08:00,2025-02-19 00:00:00+08:00,34.983971469991275,33.934452325891534,37.083009758190755,2.0,Breakout,390,2025-03-11 00:00:00+08:00,Stop,33.934452325891534,-1.0
C6L.SI,2025-02-18 00:00:00+08:00,2025-02-19 00:00:00+08:00,6.136767612869228,5.952664584483151,6.504973669641382,2.0,Breakout,388,2025-03-07 00:00:00+08:00,Target,6.504973669641382,2.0
C38U.SI,2025-02-20 00:00:00+08:00,2025-02-21 00:00:00+08:00,1.8002235889434814,1.7522086984068193,1.8962533700168058,2.0,Pullback,391,2025-03-12 00:00:00+08:00,Target,1.8962533700168058,2.0
5E2.SI,2025-02-21 00:00:00+08:00,2025-02-24 00:00:00+08:00,2.331543207168579,2.261596910953522,2.5470638559122496,3.081230321059884,Pullback,380,2025-02-25 00:00:00+08:00,Stop,2.261596910953522,-1.0
BS6.SI,2025-02-21 00:00:00+08:00,2025-02-24 00:00:00+08:00,2.9071431159973145,2.819928822517395,3.081571702957153,2.0,Pullback,380,2025-02-25 00:00:00+08:00,Stop,2.819928822517395,-1.0
H78.SI,2025-02-24 00:00:00+08:00,2025-02-25 00:00:00+08:00,4.160089492797852,4.0352868080139155,4.5382787485095335,3.030297436040097,Pullback,390,2025-03-11 00:00:00+08:00,Stop,4.0352868080139155,-1.0
S68.SI,2025-02-26 00:00:00+08:00,2025-02-27 00:00:00+08:00,12.84288215637207,12.457595691680908,13.613455085754396,2.0,Pullback,390,2025-03-11 00:00:00+08:00,Stop,12.457595691680908,-1.0
U14.SI,2025-02-26 00:00:00+08:00,2025-02-27 00:00:00+08:00,5.202849133961269,5.046763659942431,5.515020081998946,2.0,Breakout,383,2025-02-28 00:00:00+08:00,Stop,5.046763659942431,-1.0
A17U.SI,2025-02-28 00:00:00+08:00,2025-03-03 00:00:00+08:00,2.383781235029189,2.312267797978313,2.5268081091309407,2.0,Breakout,389,2025-03-10 00:00:00+08:00,Stop,2.312267797978313,-1.0
S63.SI,2025-02-28 00:00:00+08:00,2025-03-03 00:00:00+08:00,5.288385147564349,5.129733593137418,5.605688256418211,2.0,Breakout,385,2025-03-04 00:00:00+08:00,Target,5.605688256418211,2.0
U14.SI,2025-03-03 00:00:00+08:00,2025-03-04 00:00:00+08:00,5.240825480828961,5.083600716404092,5.555275009678698,2.0,Breakout,389,2025-03-10 00:00:00+08:00,Target,5.555275009678698,2.0
S63.SI,2025-03-06 00:00:00+08:00,2025-03-07 00:00:00+08:00,5.8584089279174805,5.682656660079956,6.20991346359253,2.0,Trend-continuation,390,2025-03-11 00:00:00+08:00,Stop,5.682656660079956,-1.0
U14.SI,2025-03-11 00:00:00+08:00,2025-03-12 00:00:00+08:00,5.461796760559082,5.297942857742309,5.789504566192628,2.0,Trend-continuation,408,2025-04-07 00:00:00+08:00,Stop,5.297942857742309,-1.0
C6L.SI,2025-03-11 00:00:00+08:00,2025-03-12 00:00:00+08:00,6.382788181304932,6.191304535865783,6.765755472183228,2.0,Pullback,407,2025-04-04 00:00:00+08:00,Stop,6.191304535865783,-1.0
S63.SI,2025-03-12 00:00:00+08:00,2025-03-13 00:00:00+08:00,5.791181564331055,5.617446117401123,6.1386524581909185,2.0,Trend-continuation,395,2025-03-18 00:00:00+08:00,Target,6.1386524581909185,2.0
A17U.SI,2025-03-12 00:00:00+08:00,2025-03-13 00:00:00+08:00,2.40218880114539,2.3301231371110283,2.546320129214113,2.0,Breakout,408,2025-04-07 00:00:00+08:00,Stop,2.3301231371110283,-1.0
C38U.SI,2025-03-13 00:00:00+08:00,2025-03-14 00:00:00+08:00,1.9731560473737304,1.9139613659525185,2.0915454102161544,2.0000000000000036,Breakout,396,2025-03-19 00:00:00+08:00,Stop,1.9139613659525185,-1.0
9CI.SI,2025-03-14 00:00:00+08:00,2025-03-17 00:00:00+08:00,2.5028254985809326,2.4277407336235046,2.6529950284957886,2.0,Pullback,402,2025-03-27 00:00:00+08:00,Target,2.6529950284957886,2.0
N2IU.SI,2025-03-14 00:00:00+08:00,2025-03-17 00:00:00+08:00,1.1471433361087449,1.1127290360254825,1.2159719362752697,2.0,Breakout,408,2025-04-07 00:00:00+08:00,Stop,1.1127290360254825,-1.0
C38U.SI,2025-03-20 00:00:00+08:00,2025-03-21 00:00:00+08:00,1.9394158124923706,1.8812333381175994,2.055780761241913,2.0,Pullback,408,2025-04-07 00:00:00+08:00,Stop,1.8812333381175994,-1.0
S63.SI,2025-03-21 00:00:00+08:00,2025-03-24 00:00:00+08:00,6.357813835144043,6.167079420089721,6.739282665252686,2.0,Trend-continuation,408,2025-04-07 00:00:00+08:00,Stop,6.167079420089721,-1.0
H78.SI,2025-03-25 00:00:00+08:00,2025-03-26 00:00:00+08:00,4.162660121917725,4.037780318260193,4.412419729232788,2.0,Pullback,404,2025-04-01 00:00:00+08:00,Target,4.412419729232788,2.0
BN4.SI,2025-03-26 00:00:00+08:00,2025-03-27 00:00:00+08:00,6.445876121520996,6.252499837875366,6.832628688812257,2.0,Pullback,407,2025-04-04 00:00:00+08:00,Stop,6.252499837875366,-1.0
S68.SI,2025-03-26 00:00:00+08:00,2025-03-27 00:00:00+08:00,12.765223503112793,12.382266798019408,13.539383807454943,2.0215347950452247,Pullback,408,2025-04-07 00:00:00+08:00,Stop,12.382266798019408,-1.0
U11.SI,2025-03-28 00:00:00+08:00,2025-04-01 00:00:00+08:00,34.30296325683594,33.27387435913086,36.3611410522461,2.0,Pullback,406,2025-04-03 00:00:00+08:00,Stop,33.27387435913086,-1.0
O39.SI,2025-03-28 00:00:00+08:00,2025-04-01 00:00:00+08:00,15.64964771270752,15.180158281326294,16.58862657546997,2.0,Pullback,407,2025-04-04 00:00:00+08:00,Stop,15.180158281326294,-1.0
M44U.SI,2025-03-28 00:00:00+08:00,2025-04-01 00:00:00+08:00,1.1974893808364868,1.1615646994113922,1.269338743686676,2.0,Pullback,408,2025-04-07 00:00:00+08:00,Stop,1.1615646994113922,-1.0
H78.SI,2025-04-02 00:00:00+08:00,2025-04-03 00:00:00+08:00,4.34489631652832,4.214549427032471,4.60559009552002,2.0,Pullback,407,2025-04-04 00:00:00+08:00,Stop,4.214549427032471,-1.0
9CI.SI,2025-04-02 00:00:00+08:00,2025-04-03 00:00:00+08:00,2.598353385925293,2.5204027843475343,2.7542545890808103,2.0,Pullback,408,2025-04-07 00:00:00+08:00,Stop,2.5204027843475343,-1.0
Z74.SI,2025-04-03 00:00:00+08:00,2025-04-04 00:00:00+08:00,3.392690543480549,3.2909098271761326,3.596251976089382,2.0,Breakout,408,2025-04-07 00:00:00+08:00,Stop,3.2909098271761326,-1.0
D05.SI,2025-04-03 00:00:00+08:00,2025-04-04 00:00:00+08:00,41.276248931884766,40.03796146392822,43.75282386779786,2.0,Pullback,408,2025-04-07 00:00:00+08:00,Stop,40.03796146392822,-1.0
S63.SI,2025-04-23 00:00:00+08:00,2025-04-24 00:00:00+08:00,6.799595355987549,6.595607495307922,7.2075710773468025,2.0,Pullback,427,2025-05-06 00:00:00+08:00,Target,7.2075710773468025,2.0
C38U.SI,2025-04-23 00:00:00+08:00,2025-04-24 00:00:00+08:00,1.9858134984970093,1.926239093542099,2.10496230840683,2.0,Pullback,429,2025-05-08 00:00:00+08:00,Stop,1.926239093542099,-1.0
S68.SI,2025-04-24 00:00:00+08:00,2025-04-25 00:00:00+08:00,14.075722694396973,13.653451013565062,14.920266056060793,2.0,Trend-continuation,431,2025-05-13 00:00:00+08:00,Stop,13.653451013565062,-1.0
A17U.SI,2025-04-25 00:00:00+08:00,2025-04-28 00:00:00+08:00,2.440885066986084,2.3676585149765015,2.587338171005249,2.0,Pullback,433,2025-05-15 00:00:00+08:00,Stop,2.3676585149765015,-1.0
Z74.SI,2025-04-25 00:00:00+08:00,2025-04-28 00:00:00+08:00,3.5230917930603027,3.4173990392684934,3.7344773006439214,2.0,Pullback,438,2025-05-22 00:00:00+08:00,Target,3.7344773006439214,2.0
U14.SI,2025-04-25 00:00:00+08:00,2025-04-28 00:00:00+08:00,5.4807281494140625,5.316306304931641,5.809571838378906,2.0,Pullback,447,2025-06-04 00:00:00+08:00,Target,5.809571838378906,2.0
9CI.SI,2025-04-29 00:00:00+08:00,2025-04-30 00:00:00+08:00,2.497938394546509,2.4230002427101134,2.6652227317244623,2.23229867668965,Pullback,464,2025-06-27 00:00:00+08:00,Timeout,2.630000114440918,1.7622761791980894
H78.SI,2025-04-30 00:00:00+08:00,2025-05-02 00:00:00+08:00,4.7331172542371025,4.5911237366099895,5.0171042894913285,2.0,Breakout,434,2025-05-16 00:00:00+08:00,Target,5.0171042894913285,2.0
C6L.SI,2025-04-30 00:00:00+08:00,2025-05-02 00:00:00+08:00,6.335577964782715,6.145510625839234,6.715712642669677,2.0,Pullback,442,2025-05-28 00:00:00+08:00,Target,6.715712642669677,2.0
N2IU.SI,2025-04-30 00:00:00+08:00,2025-05-02 00:00:00+08:00,1.1162632703781128,1.0827753722667695,1.1832390666007995,2.0,Pullback,436,2025-05-20 00:00:00+08:00,Stop,1.0827753722667695,-1.0
BN4.SI,2025-05-13 00:00:00+08:00,2025-05-14 00:00:00+08:00,6.500724792480469,6.305703048706055,6.890768280029297,2.0,Pullback,449,2025-06-06 00:00:00+08:00,Target,6.890768280029297,2.0
D05.SI,2025-05-15 00:00:00+08:00,2025-05-16 00:00:00+08:00,41.47004699707031,40.2259455871582,43.958249816894536,2.0,Pullback,474,2025-07-11 00:00:00+08:00,Timeout,43.00355529785156,1.2326232319675474
O39.SI,2025-05-15 00:00:00+08:00,2025-05-16 00:00:00+08:00,15.215108871459961,14.76540127888183,16.219548802911575,2.2335400781055443,Pullback,474,2025-07-11 00:00:00+08:00,Timeout,15.824088096618652,1.3541670970407054
H78.SI,2025-05-19 00:00:00+08:00,2025-05-20 00:00:00+08:00,4.891604423522949,4.7448562908172605,5.185100688934327,2.0,Trend-continuation,449,2025-06-06 00:00:00+08:00,Target,5.185100688934327,2.0
5E2.SI,2025-05-22 00:00:00+08:00,2025-05-23 00:00:00+08:00,2.0337021350860596,1.9726910710334777,2.321746625340508,4.721184505259568,Pullback,445,2025-06-02 00:00:00+08:00,Stop,1.9726910710334777,-1.0
U11.SI,2025-05-23 00:00:00+08:00,2025-05-26 00:00:00+08:00,32.88521194458008,31.898655586242675,35.104474469539504,2.249504051344259,Pullback,480,2025-07-21 00:00:00+08:00,Timeout,34.542503356933594,1.6798750505713342
S63.SI,2025-05-30 00:00:00+08:00,2025-06-02 00:00:00+08:00,7.654552122238029,7.424915558570889,8.113825249572312,2.000000000000004,Breakout,472,2025-07-09 00:00:00+08:00,Target,8.113825249572312,2.000000000000004
C6L.SI,2025-05-30 00:00:00+08:00,2025-06-02 00:00:00+08:00,6.771279232025146,6.568140855064391,7.177555985946654,2.0,Breakout,454,2025-06-13 00:00:00+08:00,Stop,6.568140855064391,-1.0
C38U.SI,2025-06-05 00:00:00+08:00,2025-06-06 00:00:00+08:00,1.9301365613937378,1.883738868233289,2.0414904566465024,2.3999877508497973,Pullback,467,2025-07-02 00:00:00+08:00,Target,2.0414904566465024,2.3999877508497973
U14.SI,2025-06-05 00:00:00+08:00,2025-06-06 00:00:00+08:00,5.898878574371338,5.721912217140198,6.252811288833618,2.0,Pullback,460,2025-06-23 00:00:00+08:00,Stop,5.721912217140198,-1.0
C09.SI,2025-06-05 00:00:00+08:00,2025-06-06 00:00:00+08:00,4.948341369628906,4.799891128540039,5.245241851806641,2.0,Trend-continuation,459,2025-06-20 00:00:00+08:00,Stop,4.799891128540039,-1.0
A17U.SI,2025-06-05 00:00:00+08:00,2025-06-06 00:00:00+08:00,2.427504777908325,2.35829854397465,2.565917245775675,2.0,Pullback,467,2025-07-02 00:00:00+08:00,Target,2.565917245775675,2.0
5E2.SI,2025-06-06 00:00:00+08:00,2025-06-09 00:00:00+08:00,2.0731914043426514,2.010995662212372,2.1975828886032103,2.0,Pullback,459,2025-06-20 00:00:00+08:00,Stop,2.010995662212372,-1.0
BS6.SI,2025-06-11 00:00:00+08:00,2025-06-12 00:00:00+08:00,2.1744444370269775,2.1092111039161683,2.304911103248596,2.0,Pullback,460,2025-06-23 00:00:00+08:00,Stop,2.1092111039161683,-1.0
N2IU.SI,2025-06-12 00:00:00+08:00,2025-06-13 00:00:00+08:00,1.1250966787338257,1.091343778371811,1.1926024794578551,2.0,Pullback,481,2025-07-22 00:00:00+08:00,Target,1.1926024794578551,2.0
BN4.SI,2025-06-13 00:00:00+08:00,2025-06-16 00:00:00+08:00,6.9845756125450125,6.775038344168662,7.403650149297714,2.0,Breakout,468,2025-07-03 00:00:00+08:00,Target,7.403650149297714,2.0
V03.SI,2025-06-17 00:00:00+08:00,2025-06-18 00:00:00+08:00,10.99287223815918,10.663086071014405,11.65244457244873,2.0,Pullback,458,2025-06-19 00:00:00+08:00,Stop,10.663086071014405,-1.0
S68.SI,2025-06-25 00:00:00+08:00,2025-06-26 00:00:00+08:00,14.076827049255371,13.65452223777771,14.921436672210692,2.0,Pullback,468,2025-07-03 00:00:00+08:00,Target,14.921436672210692,2.0
V03.SI,2025-06-27 00:00:00+08:00,2025-06-30 00:00:00+08:00,10.87895679473877,10.552588090896606,11.531694202423097,2.0,Pullback,475,2025-07-14 00:00:00+08:00,Target,11.531694202423097,2.0
ME8U.SI,2025-06-30 00:00:00+08:00,2025-07-01 00:00:00+08:00,1.8858208656311035,1.8292462396621703,1.99897011756897,2.0,Pullback,506,2025-08-26 00:00:00+08:00,Timeout,1.926247239112854,0.7145672249596448
M44U.SI,2025-06-30 00:00:00+08:00,2025-07-01 00:00:00+08:00,1.097817301750183,1.0648827826976777,1.2249128857873972,3.8590387135938915,Pullback,471,2025-07-08 00:00:00+08:00,Stop,1.0648827826976777,-1.0
H78.SI,2025-07-01 00:00:00+08:00,2025-07-02 00:00:00+08:00,5.926015862196295,5.748235386330406,6.281576813928074,2.0,Breakout,489,2025-08-01 00:00:00+08:00,Stop,5.748235386330406,-1.0
U14.SI,2025-07-02 00:00:00+08:00,2025-07-03 00:00:00+08:00,6.690431980077448,6.489719020675124,7.091857898882096,2.0,Breakout,469,2025-07-04 00:00:00+08:00,Stop,6.489719020675124,-1.0
C09.SI,2025-07-02 00:00:00+08:00,2025-07-03 00:00:00+08:00,5.184413306955796,5.028880907747122,5.495478105373144,2.0,Breakout,469,2025-07-04 00:00:00+08:00,Stop,5.028880907747122,-1.0
A17U.SI,2025-07-03 00:00:00+08:00,2025-07-04 00:00:00+08:00,2.604656224562145,2.5265165378252807,2.760935598035874,2.0,Breakout,471,2025-07-08 00:00:00+08:00,Stop,2.5265165378252807,-1.0
C38U.SI,2025-07-04 00:00:00+08:00,2025-07-07 00:00:00+08:00,2.0414905548095703,1.9802458381652832,2.1639799880981445,2.0,Pullback,502,2025-08-20 00:00:00+08:00,Target,2.1639799880981445,2.0
C6L.SI,2025-07-04 00:00:00+08:00,2025-07-07 00:00:00+08:00,6.637722015380859,6.438590354919433,7.035985336303712,2.0,Pullback,480,2025-07-21 00:00:00+08:00,Target,7.035985336303712,2.0
U14.SI,2025-07-07 00:00:00+08:00,2025-07-08 00:00:00+08:00,6.250467300415039,6.062953281402588,6.670420717923678,2.2395841106725625,Pullback,475,2025-07-14 00:00:00+08:00,Target,6.670420717923678,2.2395841106725625
C09.SI,2025-07-07 00:00:00+08:00,2025-07-08 00:00:00+08:00,5.12095832824707,4.967329578399658,5.428215827941894,2.0,Pullback,477,2025-07-16 00:00:00+08:00,Target,5.428215827941894,2.0
9CI.SI,2025-07-08 00:00:00+08:00,2025-07-09 00:00:00+08:00,2.6600000858306885,2.5802000832557677,2.81960009098053,2.0,Pullback,481,2025-07-22 00:00:00+08:00,Target,2.81960009098053,2.0
A17U.SI,2025-07-09 00:00:00+08:00,2025-07-10 00:00:00+08:00,2.540412187576294,2.464199821949005,2.6928369188308716,2.0,Pullback,487,2025-07-30 00:00:00+08:00,Target,2.6928369188308716,2.0
S68.SI,2025-07-09 00:00:00+08:00,2025-07-10 00:00:00+08:00,15.053706169128418,14.602094984054565,15.956928539276124,2.0,Pullback,492,2025-08-06 00:00:00+08:00,Target,15.956928539276124,2.0
BS6.SI,2025-07-10 00:00:00+08:00,2025-07-11 00:00:00+08:00,2.1744444370269775,2.1092111039161683,2.304911103248596,2.0,Pullback,479,2025-07-18 00:00:00+08:00,Target,2.304911103248596,2.0
S63.SI,2025-07-10 00:00:00+08:00,2025-07-11 00:00:00+08:00,7.96220064163208,7.723334622383118,8.439932680130005,2.0,Pullback,483,2025-07-24 00:00:00+08:00,Target,8.439932680130005,2.0
5E2.SI,2025-07-15 00:00:00+08:00,2025-07-16 00:00:00+08:00,2.158626930952072,2.0938681230235097,2.288144546809196,2.0,Breakout,479,2025-07-18 00:00:00+08:00,Target,2.288144546809196,2.0
O39.SI,2025-07-18 00:00:00+08:00,2025-07-21 00:00:00+08:00,16.285029457092282,15.796478573379513,17.26213122451782,2.0,Breakout,488,2025-07-31 00:00:00+08:00,Stop,15.796478573379513,-1.0
C09.SI,2025-07-21 00:00:00+08:00,2025-07-22 00:00:00+08:00,5.83847722539236,5.663322908630589,6.188785858915901,2.0,Breakout,497,2025-08-13 00:00:00+08:00,Target,6.188785858915901,2.0
5E2.SI,2025-07-23 00:00:00+08:00,2025-07-24 00:00:00+08:00,2.4259796482500895,2.3532002588025867,2.571538427145095,2.0,Breakout,486,2025-07-29 00:00:00+08:00,Stop,2.3532002588025867,-1.0
D05.SI,2025-07-23 00:00:00+08:00,2025-07-24 00:00:00+08:00,45.14897613005383,43.79450684615222,47.85791469785706,2.0,Breakout,497,2025-08-13 00:00:00+08:00,Target,47.85791469785706,2.0
BS6.SI,2025-07-23 00:00:00+08:00,2025-07-24 00:00:00+08:00,2.4105433262927036,2.3382270265039224,2.555175925870266,2.0,Breakout,493,2025-08-07 00:00:00+08:00,Target,2.555175925870266,2.0
M44U.SI,2025-07-24 00:00:00+08:00,2025-07-25 00:00:00+08:00,1.1071211099624634,1.0739074766635894,1.1735483765602113,2.0,Pullback,511,2025-09-02 00:00:00+08:00,Target,1.1735483765602113,2.0
C6L.SI,2025-07-24 00:00:00+08:00,2025-07-25 00:00:00+08:00,7.150092096328734,6.935589333438872,7.579097622108458,2.0,Breakout,486,2025-07-29 00:00:00+08:00,Stop,6.935589333438872,-1.0
Z74.SI,2025-07-25 00:00:00+08:00,2025-07-28 00:00:00+08:00,3.8322997093200684,3.717330718040466,4.062237691879273,2.0,Pullback,505,2025-08-25 00:00:00+08:00,Target,4.062237691879273,2.0
S63.SI,2025-07-28 00:00:00+08:00,2025-07-29 00:00:00+08:00,8.46773624420166,8.21370415687561,8.975800418853762,2.0,Pullback,498,2025-08-14 00:00:00+08:00,Stop,8.21370415687561,-1.0
5E2.SI,2025-07-30 00:00:00+08:00,2025-07-31 00:00:00+08:00,2.3693618774414062,2.298281021118164,2.511523590087891,2.0,Pullback,489,2025-08-01 00:00:00+08:00,Stop,2.298281021118164,-1.0
BN4.SI,2025-07-31 00:00:00+08:00,2025-08-01 00:00:00+08:00,8.16930866241455,7.924229402542114,8.659467182159425,2.0,Trend-continuation,490,2025-08-04 00:00:00+08:00,Stop,7.924229402542114,-1.0
N2IU.SI,2025-07-31 00:00:00+08:00,2025-08-01 00:00:00+08:00,1.1994831562042236,1.1634986615180969,1.2714521455764771,2.0,Pullback,493,2025-08-07 00:00:00+08:00,Target,1.2714521455764771,2.0
V03.SI,2025-07-31 00:00:00+08:00,2025-08-01 00:00:00+08:00,12.330290599746338,11.960381881753948,13.070108035731117,2.0,Breakout,490,2025-08-04 00:00:00+08:00,Stop,11.960381881753948,-1.0
BN4.SI,2025-08-06 00:00:00+08:00,2025-08-07 00:00:00+08:00,8.236823081970215,7.989718389511109,8.731032466888427,2.0,Pullback,526,2025-09-23 00:00:00+08:00,Target,8.731032466888427,2.0
V03.SI,2025-08-07 00:00:00+08:00,2025-08-08 00:00:00+08:00,12.568327049785134,12.19127723829158,13.322426672772243,2.0,Breakout,516,2025-09-09 00:00:00+08:00,Target,13.322426672772243,2.0
BS6.SI,2025-08-08 00:00:00+08:00,2025-08-11 00:00:00+08:00,2.7931694028131626,2.7093743207287675,2.960759566981953,2.0,Breakout,498,2025-08-14 00:00:00+08:00,Stop,2.7093743207287675,-1.0
N2IU.SI,2025-08-13 00:00:00+08:00,2025-08-14 00:00:00+08:00,1.2974478744057112,1.2585244381735399,1.3752947468700538,2.0,Breakout,499,2025-08-15 00:00:00+08:00,Stop,1.2585244381735399,-1.0
C09.SI,2025-08-14 00:00:00+08:00,2025-08-15 00:00:00+08:00,6.6656744486177795,6.465704215159246,7.065614915534847,2.0,Breakout,500,2025-08-18 00:00:00+08:00,Stop,6.465704215159246,-1.0
U14.SI,2025-08-15 00:00:00+08:00,2025-08-18 00:00:00+08:00,7.10014009475708,6.887135891914368,7.526148500442504,2.0,Pullback,519,2025-09-12 00:00:00+08:00,Target,7.526148500442504,2.0
D05.SI,2025-08-15 00:00:00+08:00,2025-08-18 00:00:00+08:00,47.349884033203125,45.92938751220703,50.19087707519532,2.0,Pullback,518,2025-09-11 00:00:00+08:00,Target,50.19087707519532,2.0
BS6.SI,2025-08-18 00:00:00+08:00,2025-08-19 00:00:00+08:00,2.746666669845581,2.6642666697502135,2.911466670036316,2.0,Trend-continuation,510,2025-09-01 00:00:00+08:00,Target,2.911466670036316,2.0
N2IU.SI,2025-08-25 00:00:00+08:00,2025-08-26 00:00:00+08:00,1.316388712897279,1.2768970515103606,1.3953720356711161,2.0,Breakout,507,2025-08-27 00:00:00+08:00,Stop,1.2768970515103606,-1.0
Z74.SI,2025-08-26 00:00:00+08:00,2025-08-27 00:00:00+08:00,4.192969555523383,4.067180468857681,4.444547728854785,2.0,Breakout,528,2025-09-25 00:00:00+08:00,Stop,4.067180468857681,-1.0
S68.SI,2025-08-26 00:00:00+08:00,2025-08-27 00:00:00+08:00,15.952434539794922,15.473861503601073,16.90958061218262,2.0,Pullback,534,2025-10-03 00:00:00+08:00,Target,16.90958061218262,2.0
H78.SI,2025-08-26 00:00:00+08:00,2025-08-27 00:00:00+08:00,6.015318393707275,5.8348588418960565,6.376237497329713,2.0,Pullback,520,2025-09-15 00:00:00+08:00,Target,6.376237497329713,2.0
C09.SI,2025-08-26 00:00:00+08:00,2025-08-27 00:00:00+08:00,6.608740329742432,6.410478119850159,7.005264749526978,2.0,Trend-continuation,512,2025-09-03 00:00:00+08:00,Stop,6.410478119850159,-1.0
N2IU.SI,2025-09-01 00:00:00+08:00,2025-09-02 00:00:00+08:00,1.34479996098882,1.3044559621591554,1.425487958648149,2.0,Breakout,512,2025-09-03 00:00:00+08:00,Stop,1.3044559621591554,-1.0
U11.SI,2025-09-01 00:00:00+08:00,2025-09-02 00:00:00+08:00,33.834320068359375,33.18144374044321,35.14007272419171,2.0,Pullback,524,2025-09-19 00:00:00+08:00,Stop,33.18144374044321,-1.0
9CI.SI,2025-09-02 00:00:00+08:00,2025-09-03 00:00:00+08:00,2.759999990463257,2.677199990749359,2.9255999898910527,2.0,Pullback,526,2025-09-23 00:00:00+08:00,Stop,2.677199990749359,-1.0
5E2.SI,2025-09-03 00:00:00+08:00,2025-09-04 00:00:00+08:00,2.3397445678710938,2.269552230834961,2.4801292419433594,2.0,Pullback,539,2025-10-10 00:00:00+08:00,Stop,2.269552230834961,-1.0
A17U.SI,2025-09-03 00:00:00+08:00,2025-09-04 00:00:00+08:00,2.606428861618042,2.5282359957695006,2.7628145933151247,2.0,Pullback,553,2025-10-31 00:00:00+08:00,Timeout,2.663090467453003,0.7246390731440103
ME8U.SI,2025-09-08 00:00:00+08:00,2025-09-09 00:00:00+08:00,2.007422363775142,1.9471996928618878,2.1278677056016506,2.0,Breakout,556,2025-11-05 00:00:00+08:00,Stop,1.9471996928618878,-1.0
BS6.SI,2025-09-09 00:00:00+08:00,2025-09-10 00:00:00+08:00,3.004166841506958,2.9140418362617493,3.1844168519973755,2.0,Trend-continuation,529,2025-09-26 00:00:00+08:00,Target,3.1844168519973755,2.0
D05.SI,2025-09-12 00:00:00+08:00,2025-09-15 00:00:00+08:00,49.14329528808594,47.66899642944336,52.09189300537109,2.0,Pullback,526,2025-09-23 00:00:00+08:00,Stop,47.66899642944336,-1.0
C38U.SI,2025-09-15 00:00:00+08:00,2025-09-16 00:00:00+08:00,2.2757151813630663,2.2074437259221744,2.41225809224485,2.0,Breakout,522,2025-09-17 00:00:00+08:00,Stop,2.2074437259221744,-1.0
M44U.SI,2025-09-15 00:00:00+08:00,2025-09-16 00:00:00+08:00,1.1902179718017578,1.154511432647705,1.2616310501098633,2.0,Pullback,550,2025-10-28 00:00:00+08:00,Target,1.2616310501098633,2.0
V03.SI,2025-09-16 00:00:00+08:00,2025-09-17 00:00:00+08:00,13.553282588065288,13.14668411042333,14.366479543349206,2.0,Breakout,547,2025-10-23 00:00:00+08:00,Target,14.366479543349206,2.0
S63.SI,2025-09-17 00:00:00+08:00,2025-09-18 00:00:00+08:00,8.110416412353516,7.86710391998291,8.720506407508775,2.507433914350726,Pullback,535,2025-10-06 00:00:00+08:00,Target,8.720506407508775,2.507433914350726
H78.SI,2025-09-17 00:00:00+08:00,2025-09-18 00:00:00+08:00,6.567720381259917,6.370688769822119,6.961783604135514,2.0,Breakout,524,2025-09-19 00:00:00+08:00,Target,6.961783604135514,2.0
U14.SI,2025-09-19 00:00:00+08:00,2025-09-22 00:00:00+08:00,7.699384485990278,7.468402951410569,8.161347555149694,2.0,Breakout,560,2025-11-11 00:00:00+08:00,Target,8.161347555149694,2.0
H78.SI,2025-09-22 00:00:00+08:00,2025-09-23 00:00:00+08:00,6.296226978302002,6.107340168952942,7.216444777431708,4.8717949247009535,Pullback,528,2025-09-25 00:00:00+08:00,Stop,6.107340168952942,-1.0
D05.SI,2025-10-02 00:00:00+08:00,2025-10-03 00:00:00+08:00,50.67075760267201,49.15063487459185,53.71100305883233,2.0,Breakout,574,2025-12-01 00:00:00+08:00,Timeout,51.986572265625,0.8655976511941222
C09.SI,2025-10-02 00:00:00+08:00,2025-10-03 00:00:00+08:00,6.821818935502182,6.617164367437116,7.231128071632313,2.0,Breakout,549,2025-10-27 00:00:00+08:00,Target,7.231128071632313,2.0
BN4.SI,2025-10-02 00:00:00+08:00,2025-10-03 00:00:00+08:00,9.048530206498414,8.777074300303461,9.591442018888321,2.0,Breakout,540,2025-10-13 00:00:00+08:00,Stop,8.777074300303461,-1.0
C38U.SI,2025-10-02 00:00:00+08:00,2025-10-03 00:00:00+08:00,2.275715211363205,2.2074437550223087,2.412258124044998,2.0,Breakout,556,2025-11-05 00:00:00+08:00,Stop,2.2074437550223087,-1.0
N2IU.SI,2025-10-06 00:00:00+08:00,2025-10-07 00:00:00+08:00,1.369104027748108,1.3280309069156646,1.4512502694129945,2.0,Pullback,540,2025-10-13 00:00:00+08:00,Stop,1.3280309069156646,-1.0
BS6.SI,2025-10-08 00:00:00+08:00,2025-10-09 00:00:00+08:00,3.2902777194976807,3.1915693879127502,3.4876943826675415,2.0,Pullback,540,2025-10-13 00:00:00+08:00,Stop,3.1915693879127502,-1.0
S63.SI,2025-10-09 00:00:00+08:00,2025-10-10 00:00:00+08:00,8.66739559173584,8.407373723983765,9.18743932723999,2.0,Pullback,540,2025-10-13 00:00:00+08:00,Stop,8.407373723983765,-1.0
U11.SI,2025-10-10 00:00:00+08:00,2025-10-13 00:00:00+08:00,33.92073059082031,32.979818681339474,35.80255440978199,2.0,Pullback,544,2025-10-17 00:00:00+08:00,Stop,32.979818681339474,-1.0
S68.SI,2025-10-10 00:00:00+08:00,2025-10-13 00:00:00+08:00,17.10515022277832,16.59199571609497,18.13145923614502,2.0,Pullback,544,2025-10-17 00:00:00+08:00,Stop,16.59199571609497,-1.0
BN4.SI,2025-10-17 00:00:00+08:00,2025-10-21 00:00:00+08:00,9.188347816467285,8.912697381973267,9.739648685455322,2.0,Pullback,550,2025-10-28 00:00:00+08:00,Target,9.739648685455322,2.0
Z74.SI,2025-10-23 00:00:00+08:00,2025-10-24 00:00:00+08:00,4.141987323760986,4.0177277040481565,4.390506563186646,2.0,Pullback,558,2025-11-07 00:00:00+08:00,Target,4.390506563186646,2.0
C6L.SI,2025-10-28 00:00:00+08:00,2025-10-29 00:00:00+08:00,6.686147337027099,6.485562916916286,7.0873161772487245,2.0,Breakout,556,2025-11-05 00:00:00+08:00,Stop,6.485562916916286,-1.0
BS6.SI,2025-10-28 00:00:00+08:00,2025-10-29 00:00:00+08:00,3.3188889026641846,3.219322235584259,3.518022236824036,2.0,Pullback,556,2025-11-05 00:00:00+08:00,Stop,3.219322235584259,-1.0
M44U.SI,2025-10-29 00:00:00+08:00,2025-10-30 00:00:00+08:00,1.2980083139530307,1.2590680645344399,1.3758888127902125,2.0,Breakout,555,2025-11-04 00:00:00+08:00,Stop,1.2590680645344399,-1.0
O39.SI,2025-10-30 00:00:00+08:00,2025-10-31 00:00:00+08:00,16.512014418153306,16.016653985608706,17.502735283242508,2.0,Breakout,560,2025-11-11 00:00:00+08:00,Target,17.502735283242508,2.0
BN4.SI,2025-10-30 00:00:00+08:00,2025-10-31 00:00:00+08:00,9.895292084693908,9.59843332215309,10.489009609775545,2.0,Breakout,593,2025-12-29 00:00:00+08:00,Timeout,10.071843147277832,0.594730844637432
N2IU.SI,2025-10-30 00:00:00+08:00,2025-10-31 00:00:00+08:00,1.3878257274627686,1.3461909556388854,1.471095271110535,2.0,Pullback,580,2025-12-09 00:00:00+08:00,Stop,1.3461909556388854,-1.0
C09.SI,2025-10-30 00:00:00+08:00,2025-10-31 00:00:00+08:00,7.090426445007324,6.877713651657104,7.515852031707764,2.0,Pullback,555,2025-11-04 00:00:00+08:00,Stop,6.877713651657104,-1.0
V03.SI,2025-11-03 00:00:00+08:00,2025-11-04 00:00:00+08:00,14.692458897919423,14.251685130981839,15.57400643179459,2.0,Breakout,563,2025-11-14 00:00:00+08:00,Stop,14.251685130981839,-1.0
M44U.SI,2025-11-05 00:00:00+08:00,2025-11-06 00:00:00+08:00,1.25431227684021,1.2166829085350037,1.3295710134506225,2.0,Pullback,564,2025-11-17 00:00:00+08:00,Stop,1.2166829085350037,-1.0
Z74.SI,2025-11-10 00:00:00+08:00,2025-11-11 00:00:00+08:00,4.420682430267334,4.2880619573593135,4.685923376083375,2.0,Trend-continuation,563,2025-11-14 00:00:00+08:00,Target,4.685923376083375,2.0
U14.SI,2025-11-12 00:00:00+08:00,2025-11-13 00:00:00+08:00,8.492832428164398,8.238047455319466,9.002402373854263,2.0,Breakout,573,2025-11-28 00:00:00+08:00,Stop,8.238047455319466,-1.0
S68.SI,2025-11-13 00:00:00+08:00,2025-11-14 00:00:00+08:00,16.971284866333008,16.462146320343017,17.98956195831299,2.0,Pullback,566,2025-11-19 00:00:00+08:00,Stop,16.462146320343017,-1.0
C09.SI,2025-11-14 00:00:00+08:00,2025-11-17 00:00:00+08:00,7.0807929039001465,6.868369116783142,7.505640478134156,2.0,Pullback,568,2025-11-21 00:00:00+08:00,Stop,6.868369116783142,-1.0
O39.SI,2025-11-17 00:00:00+08:00,2025-11-18 00:00:00+08:00,17.652929306030273,17.123341426849365,18.71210506439209,2.0,Pullback,587,2025-12-18 00:00:00+08:00,Target,18.71210506439209,2.0
S63.SI,2025-11-19 00:00:00+08:00,2025-11-20 00:00:00+08:00,8.46219253540039,8.208326759338378,8.969924087524415,2.0,Pullback,568,2025-11-21 00:00:00+08:00,Stop,8.208326759338378,-1.0
H78.SI,2025-11-21 00:00:00+08:00,2025-11-24 00:00:00+08:00,6.131556510925293,5.947609815597534,7.216444777431708,5.897840483479995,Pullback,600,2026-01-08 00:00:00+08:00,Target,7.216444777431708,5.897840483479995
Z74.SI,2025-11-21 00:00:00+08:00,2025-11-24 00:00:00+08:00,4.633401393890381,4.494399352073669,4.911405477523804,2.0,Pullback,578,2025-12-05 00:00:00+08:00,Stop,4.494399352073669,-1.0
S63.SI,2025-11-24 00:00:00+08:00,2025-11-25 00:00:00+08:00,8.344478607177734,8.094144248962403,8.862827222099458,2.0706251375844005,Pullback,574,2025-12-01 00:00:00+08:00,Stop,8.094144248962403,-1.0
C38U.SI,2025-11-28 00:00:00+08:00,2025-12-01 00:00:00+08:00,2.2497615814208984,2.2018943133356412,2.345496117591413,2.0,Pullback,579,2025-12-08 00:00:00+08:00,Stop,2.2018943133356412,-1.0
M44U.SI,2025-12-01 00:00:00+08:00,2025-12-02 00:00:00+08:00,1.2638874053955078,1.2259707832336426,1.3397206497192382,2.0,Pullback,577,2025-12-04 00:00:00+08:00,Stop,1.2259707832336426,-1.0
C09.SI,2025-12-04 00:00:00+08:00,2025-12-05 00:00:00+08:00,7.051891803741455,6.8403350496292115,7.475005311965942,2.0,Pullback,588,2025-12-19 00:00:00+08:00,Target,7.475005311965942,2.0
BS6.SI,2025-12-08 00:00:00+08:00,2025-12-09 00:00:00+08:00,3.233055591583252,3.136063923835754,3.4270389270782475,2.0,Pullback,599,2026-01-07 00:00:00+08:00,Target,3.4270389270782475,2.0
S68.SI,2025-12-19 00:00:00+08:00,2025-12-22 00:00:00+08:00,16.68447494506836,16.36799225497205,17.476367217980872,2.502166145868941,Pullback,599,2026-01-07 00:00:00+08:00,Target,17.476367217980872,2.502166145868941
D05.SI,2025-12-19 00:00:00+08:00,2025-12-22 00:00:00+08:00,52.785030364990234,51.85189294898991,54.65130519699089,2.0,Pullback,597,2026-01-05 00:00:00+08:00,Target,54.65130519699089,2.0
U11.SI,2025-12-22 00:00:00+08:00,2025-12-23 00:00:00+08:00,33.38306427001953,32.59577566514683,34.95764147976493,2.0,Pullback,604,2026-01-14 00:00:00+08:00,Target,34.95764147976493,2.0
U14.SI,2025-12-22 00:00:00+08:00,2025-12-23 00:00:00+08:00,8.457663536071777,8.203933629989624,8.965123348236084,2.0,Pullback,599,2026-01-07 00:00:00+08:00,Target,8.965123348236084,2.0
N2IU.SI,2025-12-23 00:00:00+08:00,2025-12-24 00:00:00+08:00,1.3878257274627686,1.3461909556388854,1.471095271110535,2.0,Pullback,631,2026-02-24 00:00:00+08:00,Timeout,1.4075897932052612,0.47470095011197583
C38U.SI,2025-12-24 00:00:00+08:00,2025-12-26 00:00:00+08:00,2.2593350410461426,2.1923208687308793,2.393363385676669,2.0,Pullback,625,2026-02-12 00:00:00+08:00,Target,2.393363385676669,2.0
M44U.SI,2025-12-29 00:00:00+08:00,2025-12-30 00:00:00+08:00,1.25431227684021,1.2166829085350037,1.3295710134506225,2.0,Pullback,634,2026-02-27 00:00:00+08:00,Timeout,1.2520043849945068,-0.06133219742048698
S63.SI,2026-01-02 00:00:00+08:00,2026-01-05 00:00:00+08:00,8.256125450134277,8.008441686630249,8.862827222099458,2.449501587758753,Pullback,602,2026-01-12 00:00:00+08:00,Target,8.862827222099458,2.449501587758753
BN4.SI,2026-01-05 00:00:00+08:00,2026-01-06 00:00:00+08:00,10.387595107815182,10.075967254580727,11.010850814284092,2.0,Breakout,620,2026-02-05 00:00:00+08:00,Target,11.010850814284092,2.0
C09.SI,2026-01-05 00:00:00+08:00,2026-01-06 00:00:00+08:00,7.981335654258727,7.7418955846309645,8.460215793514251,2.0,Breakout,600,2026-01-08 00:00:00+08:00,Target,8.460215793514251,2.0
A17U.SI,2026-01-05 00:00:00+08:00,2026-01-06 00:00:00+08:00,2.6819777488708496,2.601518416404724,2.8428964138031008,2.0,Pullback,634,2026-02-27 00:00:00+08:00,Stop,2.601518416404724,-1.0
V03.SI,2026-01-06 00:00:00+08:00,2026-01-07 00:00:00+08:00,15.111131840688124,14.65779788546748,16.017799751129413,2.0,Breakout,605,2026-01-15 00:00:00+08:00,Target,16.017799751129413,2.0
D05.SI,2026-01-06 00:00:00+08:00,2026-01-07 00:00:00+08:00,55.89594221878051,54.2190639522171,59.24969875190734,2.0,Breakout,635,2026-03-02 00:00:00+08:00,Stop,54.2190639522171,-1.0
9CI.SI,2026-01-06 00:00:00+08:00,2026-01-07 00:00:00+08:00,2.778309980869293,2.6949606814432143,2.9450085797214505,2.0,Breakout,603,2026-01-13 00:00:00+08:00,Target,2.9450085797214505,2.0
ME8U.SI,2026-01-07 00:00:00+08:00,2026-01-08 00:00:00+08:00,1.9844870567321777,1.9249524450302125,2.1035562801361083,2.0,Pullback,637,2026-03-04 00:00:00+08:00,Stop,1.9249524450302125,-1.0
S68.SI,2026-01-08 00:00:00+08:00,2026-01-09 00:00:00+08:00,17.11963653564453,16.606047439575196,18.1468147277832,2.0,Pullback,624,2026-02-11 00:00:00+08:00,Target,18.1468147277832,2.0
U14.SI,2026-01-08 00:00:00+08:00,2026-01-09 00:00:00+08:00,9.129549219113368,8.855662742539966,9.677322172260173,2.0,Breakout,605,2026-01-15 00:00:00+08:00,Target,9.677322172260173,2.0
H78.SI,2026-01-09 00:00:00+08:00,2026-01-12 00:00:00+08:00,7.548992299243679,7.322522530266368,8.0019318371983,2.0,Breakout,605,2026-01-15 00:00:00+08:00,Target,8.0019318371983,2.0
5E2.SI,2026-01-12 00:00:00+08:00,2026-01-13 00:00:00+08:00,2.2180385365486144,2.151497380452156,2.351120848741531,2.0,Breakout,607,2026-01-19 00:00:00+08:00,Stop,2.151497380452156,-1.0
BS6.SI,2026-01-14 00:00:00+08:00,2026-01-15 00:00:00+08:00,3.5000927448272705,3.3950899624824524,3.7100983095169067,2.0,Pullback,606,2026-01-16 00:00:00+08:00,Stop,3.3950899624824524,-1.0
U14.SI,2026-01-16 00:00:00+08:00,2026-01-19 00:00:00+08:00,9.952384857148123,9.65381331143368,10.54952794857701,2.0,Breakout,613,2026-01-27 00:00:00+08:00,Target,10.54952794857701,2.0
U11.SI,2026-01-16 00:00:00+08:00,2026-01-19 00:00:00+08:00,35.38031000137329,34.31890070133209,37.503128601455685,2.0,Breakout,611,2026-01-23 00:00:00+08:00,Target,37.503128601455685,2.0
V03.SI,2026-01-16 00:00:00+08:00,2026-01-19 00:00:00+08:00,16.16267908066011,15.677798708240305,17.132439825499716,2.0,Breakout,617,2026-02-02 00:00:00+08:00,Stop,15.677798708240305,-1.0
9CI.SI,2026-01-19 00:00:00+08:00,2026-01-20 00:00:00+08:00,2.9889400191307063,2.899271818556785,3.1682764202785485,2.0,Breakout,622,2026-02-09 00:00:00+08:00,Target,3.1682764202785485,2.0
H78.SI,2026-01-21 00:00:00+08:00,2026-01-22 00:00:00+08:00,7.8944993019104,7.657664322853088,8.368169260025025,2.0,Trend-continuation,618,2026-02-03 00:00:00+08:00,Target,8.368169260025025,2.0
C09.SI,2026-01-21 00:00:00+08:00,2026-01-22 00:00:00+08:00,8.908948284778607,8.641679836235248,9.443485181865324,2.0,Breakout,623,2026-02-10 00:00:00+08:00,Target,9.443485181865324,2.0
S63.SI,2026-01-22 00:00:00+08:00,2026-01-23 00:00:00+08:00,9.208377838134766,8.932126502990723,9.76088050842285,2.0,Pullback,618,2026-02-03 00:00:00+08:00,Target,9.76088050842285,2.0
O39.SI,2026-01-23 00:00:00+08:00,2026-01-26 00:00:00+08:00,20.498009010314938,19.883068740005488,21.72788955093384,2.0,Breakout,635,2026-03-02 00:00:00+08:00,Stop,19.883068740005488,-1.0
U11.SI,2026-01-26 00:00:00+08:00,2026-01-27 00:00:00+08:00,36.96427917480469,35.85535079956055,39.18213592529297,2.0,Trend-continuation,631,2026-02-24 00:00:00+08:00,Stop,35.85535079956055,-1.0
U14.SI,2026-01-28 00:00:00+08:00,2026-01-29 00:00:00+08:00,10.5769624710083,10.259653596878051,11.2115802192688,2.0,Trend-continuation,632,2026-02-25 00:00:00+08:00,Target,11.2115802192688,2.0
Z74.SI,2026-01-30 00:00:00+08:00,2026-02-02 00:00:00+08:00,4.4867753982543945,4.352172136306763,4.755981922149658,2.0,Pullback,618,2026-02-03 00:00:00+08:00,Target,4.755981922149658,2.0
C6L.SI,2026-02-04 00:00:00+08:00,2026-02-05 00:00:00+08:00,6.7100700573921195,6.508767955670356,7.112674260835647,2.0,Breakout,632,2026-02-25 00:00:00+08:00,Target,7.112674260835647,2.0
Z74.SI,2026-02-05 00:00:00+08:00,2026-02-06 00:00:00+08:00,4.672502517700195,4.53232744216919,4.9528526687622065,2.0,Pullback,629,2026-02-20 00:00:00+08:00,Target,4.9528526687622065,2.0
BN4.SI,2026-02-06 00:00:00+08:00,2026-02-09 00:00:00+08:00,11.470660560457658,11.126540743643927,12.158900194085119,2.0,Breakout,623,2026-02-10 00:00:00+08:00,Target,12.158900194085119,2.0
S63.SI,2026-02-09 00:00:00+08:00,2026-02-10 00:00:00+08:00,9.994181178145508,9.694355742801143,10.593832048834239,2.0,Breakout,634,2026-02-27 00:00:00+08:00,Stop,9.694355742801143,-1.0
S68.SI,2026-02-12 00:00:00+08:00,2026-02-13 00:00:00+08:00,18.462383270263672,17.908511772155762,19.57012626647949,2.0,Pullback,627,2026-02-16 00:00:00+08:00,Stop,17.908511772155762,-1.0
BN4.SI,2026-02-12 00:00:00+08:00,2026-02-13 00:00:00+08:00,12.474959518140532,12.100710732596315,13.223457089228964,2.0,Breakout,637,2026-03-04 00:00:00+08:00,Stop,12.100710732596315,-1.0
C38U.SI,2026-02-13 00:00:00+08:00,2026-02-16 00:00:00+08:00,2.3608386516571045,2.2900134921073914,2.5024889707565308,2.0,Pullback,633,2026-02-26 00:00:00+08:00,Target,2.5024889707565308,2.0
S68.SI,2026-02-19 00:00:00+08:00,2026-02-20 00:00:00+08:00,18.024700164794922,17.483959159851075,19.106182174682615,2.0,Pullback,637,2026-03-04 00:00:00+08:00,Stop,17.483959159851075,-1.0
BS6.SI,2026-02-23 00:00:00+08:00,2026-02-24 00:00:00+08:00,3.6923399984836576,3.5815697985291477,3.9138803983926773,2.0,Breakout,634,2026-02-27 00:00:00+08:00,Target,3.9138803983926773,2.0
5E2.SI,2026-02-25 00:00:00+08:00,2026-02-26 00:00:00+08:00,2.1817872524261475,2.116333634853363,2.312694487571717,2.0,Pullback,634,2026-02-27 00:00:00+08:00,Target,2.312694487571717,2.0
Z74.SI,2026-02-26 00:00:00+08:00,2026-02-27 00:00:00+08:00,4.88755464553833,4.74092800617218,5.1808079242706295,2.0,Pullback,663,2026-04-10 00:00:00+08:00,Stop,4.74092800617218,-1.0
C38U.SI,2026-02-27 00:00:00+08:00,2026-03-02 00:00:00+08:00,2.3901050090789795,2.31840185880661,2.5335113096237185,2.0,Pullback,637,2026-03-04 00:00:00+08:00,Stop,2.31840185880661,-1.0
BS6.SI,2026-03-02 00:00:00+08:00,2026-03-03 00:00:00+08:00,4.237582120418548,4.110454656805992,4.49183704764366,2.0,Breakout,637,2026-03-04 00:00:00+08:00,Stop,4.110454656805992,-1.0
C6L.SI,2026-03-02 00:00:00+08:00,2026-03-03 00:00:00+08:00,6.840000152587891,6.634800148010254,7.250400161743164,2.0,Pullback,637,2026-03-04 00:00:00+08:00,Stop,6.634800148010254,-1.0
5E2.SI,2026-03-02 00:00:00+08:00,2026-03-03 00:00:00+08:00,2.300255298614502,2.231247639656067,2.438270616531372,2.0,Trend-continuation,637,2026-03-04 00:00:00+08:00,Stop,2.231247639656067,-1.0
S63.SI,2026-03-03 00:00:00+08:00,2026-03-04 00:00:00+08:00,11.008369937988743,10.67811883984908,11.668872134268067,2.0,Breakout,638,2026-03-05 00:00:00+08:00,Stop,10.67811883984908,-1.0
5E2.SI,2026-03-05 00:00:00+08:00,2026-03-06 00:00:00+08:00,2.2903828620910645,2.2216713762283327,2.427805833816528,2.0,Pullback,640,2026-03-09 00:00:00+08:00,Stop,2.2216713762283327,-1.0
BS6.SI,2026-03-05 00:00:00+08:00,2026-03-06 00:00:00+08:00,4.024629592895508,3.9038907051086427,4.406110838784116,3.159555739506393,Trend-continuation,640,2026-03-09 00:00:00+08:00,Stop,3.9038907051086427,-1.0
S63.SI,2026-03-06 00:00:00+08:00,2026-03-09 00:00:00+08:00,10.749651908874512,10.427162351608276,11.394631023406983,2.0,Trend-continuation,641,2026-03-10 00:00:00+08:00,Stop,10.427162351608276,-1.0
BS6.SI,2026-03-10 00:00:00+08:00,2026-03-11 00:00:00+08:00,3.8625001907348633,3.7466251850128174,4.406110838784116,4.691353796807861,Pullback,644,2026-03-13 00:00:00+08:00,Stop,3.7466251850128174,-1.0
5E2.SI,2026-03-10 00:00:00+08:00,2026-03-11 00:00:00+08:00,2.280510663986206,2.21209534406662,2.4173413038253786,2.0,Pullback,643,2026-03-12 00:00:00+08:00,Target,2.4173413038253786,2.0
S68.SI,2026-03-12 00:00:00+08:00,2026-03-13 00:00:00+08:00,18.203750610351562,17.657638092041015,19.295975646972657,2.0,Pullback,647,2026-03-18 00:00:00+08:00,Target,19.295975646972657,2.0
5E2.SI,2026-03-13 00:00:00+08:00,2026-03-16 00:00:00+08:00,2.3397445678710938,2.269552230834961,2.4801292419433594,2.0,Pullback,650,2026-03-23 00:00:00+08:00,Stop,2.269552230834961,-1.0
S63.SI,2026-03-13 00:00:00+08:00,2026-03-16 00:00:00+08:00,10.680932998657227,10.36050500869751,11.32178897857666,2.0,Pullback,651,2026-03-24 00:00:00+08:00,Stop,10.36050500869751,-1.0
H78.SI,2026-03-18 00:00:00+08:00,2026-03-19 00:00:00+08:00,8.369139671325684,8.118065481185912,8.871288051605227,2.0,Pullback,649,2026-03-20 00:00:00+08:00,Stop,8.118065481185912,-1.0
S68.SI,2026-03-20 00:00:00+08:00,2026-03-23 00:00:00+08:00,19.178598403930664,18.603240451812745,20.329314308166502,2.0,Pullback,660,2026-04-07 00:00:00+08:00,Target,20.329314308166502,2.0
O39.SI,2026-03-23 00:00:00+08:00,2026-03-24 00:00:00+08:00,20.1583194732666,19.5535698890686,21.367818641662602,2.0,Pullback,657,2026-04-01 00:00:00+08:00,Target,21.367818641662602,2.0
D05.SI,2026-03-31 00:00:00+08:00,2026-04-01 00:00:00+08:00,54.73789978027344,53.09576278686523,58.02217376708985,2.0,Pullback,678,2026-05-04 00:00:00+08:00,Target,58.02217376708985,2.0
O39.SI,2026-04-07 00:00:00+08:00,2026-04-08 00:00:00+08:00,21.40621566772461,20.76402919769287,22.690588607788087,2.0,Pullback,687,2026-05-15 00:00:00+08:00,Target,22.690588607788087,2.0
5E2.SI,2026-04-08 00:00:00+08:00,2026-04-09 00:00:00+08:00,2.4187235832214355,2.3461618757247926,2.5638469982147214,2.0,Pullback,669,2026-04-20 00:00:00+08:00,Stop,2.3461618757247926,-1.0
U11.SI,2026-04-08 00:00:00+08:00,2026-04-09 00:00:00+08:00,35.83134841918945,34.75640796661377,37.981229324340816,2.0,Pullback,699,2026-06-03 00:00:00+08:00,Target,37.981229324340816,2.0
C6L.SI,2026-04-10 00:00:00+08:00,2026-04-13 00:00:00+08:00,6.639999866485596,6.449999809265137,7.199999809265137,2.9473672322622906,Pullback,671,2026-04-22 00:00:00+08:00,Stop,6.449999809265137,-1.0
BS6.SI,2026-04-13 00:00:00+08:00,2026-04-14 00:00:00+08:00,3.7766666412353516,3.663366641998291,4.406110838784116,5.555553413833314,Pullback,696,2026-05-28 00:00:00+08:00,Stop,3.663366641998291,-1.0
S63.SI,2026-04-13 00:00:00+08:00,2026-04-14 00:00:00+08:00,11.112881660461426,10.779495210647582,11.779654560089114,2.0,Pullback,672,2026-04-23 00:00:00+08:00,Stop,10.779495210647582,-1.0
V03.SI,2026-04-16 00:00:00+08:00,2026-04-17 00:00:00+08:00,15.823112487792969,15.34841911315918,16.772499237060547,2.0,Pullback,680,2026-05-06 00:00:00+08:00,Target,16.772499237060547,2.0
H78.SI,2026-04-17 00:00:00+08:00,2026-04-20 00:00:00+08:00,7.963061809539795,7.7241699552536005,8.83409094513088,3.6461232141786843,Pullback,671,2026-04-22 00:00:00+08:00,Stop,7.7241699552536005,-1.0
C38U.SI,2026-04-20 00:00:00+08:00,2026-04-21 00:00:00+08:00,2.3315718173980713,2.261624662876129,2.5071712367165446,2.5104583670146012,Pullback,682,2026-05-08 00:00:00+08:00,Stop,2.261624662876129,-1.0
U14.SI,2026-04-21 00:00:00+08:00,2026-04-22 00:00:00+08:00,10.508598327636719,10.193340377807617,11.21177488940391,2.2304800311883572,Trend-continuation,683,2026-05-11 00:00:00+08:00,Stop,10.193340377807617,-1.0
ME8U.SI,2026-04-24 00:00:00+08:00,2026-04-27 00:00:00+08:00,1.9859870672225952,1.9264074552059174,2.105146291255951,2.0,Pullback,676,2026-04-29 00:00:00+08:00,Stop,1.9264074552059174,-1.0
V03.SI,2026-05-07 00:00:00+08:00,2026-05-08 00:00:00+08:00,18.80625,18.2420625,19.934624999999997,2.0,Breakout,683,2026-05-11 00:00:00+08:00,Stop,18.2420625,-1.0
H78.SI,2026-05-08 00:00:00+08:00,2026-05-11 00:00:00+08:00,8.171051979064941,7.925920419692993,8.661315097808838,2.0,Pullback,688,2026-05-18 00:00:00+08:00,Stop,7.925920419692993,-1.0
D05.SI,2026-05-11 00:00:00+08:00,2026-05-12 00:00:00+08:00,58.699280448753,56.93830203529041,62.22123727567818,2.0,Breakout,698,2026-06-02 00:00:00+08:00,Target,62.22123727567818,2.0
V03.SI,2026-05-12 00:00:00+08:00,2026-05-13 00:00:00+08:00,17.950000762939453,17.41150074005127,19.02700080871582,2.0,Trend-continuation,688,2026-05-18 00:00:00+08:00,Stop,17.41150074005127,-1.0
S63.SI,2026-05-22 00:00:00+08:00,2026-05-25 00:00:00+08:00,11.178178787231445,10.842833423614502,11.848869514465331,2.0,Pullback,701,2026-06-05 00:00:00+08:00,Stop,10.842833423614502,-1.0
S68.SI,2026-05-26 00:00:00+08:00,2026-05-27 00:00:00+08:00,21.799999237060547,21.14599925994873,23.10799919128418,2.0,Pullback,707,2026-06-15 00:00:00+08:00,Target,23.10799919128418,2.0
O39.SI,2026-05-28 00:00:00+08:00,2026-05-29 00:00:00+08:00,22.817590713500977,22.133062992095947,24.186646156311035,2.0,Pullback,699,2026-06-03 00:00:00+08:00,Target,24.186646156311035,2.0
C6L.SI,2026-05-29 00:00:00+08:00,2026-06-02 00:00:00+08:00,6.8304299426078785,6.625517044329642,7.240255739164352,2.0,Breakout,710,2026-06-18 00:00:00+08:00,Target,7.240255739164352,2.0
O39.SI,2026-06-04 00:00:00+08:00,2026-06-05 00:00:00+08:00,23.645172119140625,22.935816955566406,25.063882446289064,2.0,Pullback,704,2026-06-10 00:00:00+08:00,Stop,22.935816955566406,-1.0
D05.SI,2026-06-05 00:00:00+08:00,2026-06-08 00:00:00+08:00,63.10468292236328,61.21154243469238,66.89096389770508,2.0,Pullback,704,2026-06-10 00:00:00+08:00,Stop,61.21154243469238,-1.0
U11.SI,2026-06-08 00:00:00+08:00,2026-06-09 00:00:00+08:00,36.99441909790039,36.289578049850306,38.40410119400056,2.0,Pullback,709,2026-06-17 00:00:00+08:00,Target,38.40410119400056,2.0
C09.SI,2026-06-15 00:00:00+08:00,2026-06-16 00:00:00+08:00,8.59185210141012,8.334096538367817,9.107363227494728,2.0,Breakout,710,2026-06-18 00:00:00+08:00,Stop,8.334096538367817,-1.0
M44U.SI,2026-06-18 00:00:00+08:00,2026-06-19 00:00:00+08:00,1.1921353340148926,1.1563712739944458,1.263663454055786,2.0,Pullback,751,2026-08-17 00:00:00+08:00,Timeout,1.1699999570846558,-0.6189279661644052
O39.SI,2026-06-19 00:00:00+08:00,2026-06-22 00:00:00+08:00,24.80309520577624,24.059002349602952,26.29128091812282,2.0,Breakout,724,2026-07-08 00:00:00+08:00,Target,26.29128091812282,2.0
C6L.SI,2026-06-19 00:00:00+08:00,2026-06-22 00:00:00+08:00,7.301840210437774,7.0827850041246405,7.739950623064042,2.0,Breakout,723,2026-07-07 00:00:00+08:00,Target,7.739950623064042,2.0
S68.SI,2026-06-19 00:00:00+08:00,2026-06-22 00:00:00+08:00,23.940000534057617,23.221800518035888,25.376400566101076,2.0,Trend-continuation,747,2026-08-11 00:00:00+08:00,Target,25.376400566101076,2.0
C38U.SI,2026-06-22 00:00:00+08:00,2026-06-23 00:00:00+08:00,2.3101119995117188,2.2408086395263673,2.4487187194824216,2.0,Pullback,729,2026-07-15 00:00:00+08:00,Target,2.4487187194824216,2.0
U11.SI,2026-07-08 00:00:00+08:00,2026-07-09 00:00:00+08:00,42.99670864626587,41.7068073868779,45.57651116504182,2.0,Breakout,731,2026-07-17 00:00:00+08:00,Stop,41.7068073868779,-1.0
S63.SI,2026-07-10 00:00:00+08:00,2026-07-13 00:00:00+08:00,10.909493446350098,10.582208642959595,11.564063053131104,2.0,Pullback,728,2026-07-14 00:00:00+08:00,Stop,10.582208642959595,-1.0
N2IU.SI,2026-07-14 00:00:00+08:00,2026-07-15 00:00:00+08:00,1.300547480583191,1.2615310561656952,1.3881747651974905,2.24590761256446,Pullback,748,2026-08-12 00:00:00+08:00,Stop,1.2615310561656952,-1.0
BN4.SI,2026-07-14 00:00:00+08:00,2026-07-15 00:00:00+08:00,11.4399995803833,11.096799592971802,12.126399555206298,2.0,Pullback,747,2026-08-11 00:00:00+08:00,Stop,11.096799592971802,-1.0
S63.SI,2026-07-15 00:00:00+08:00,2026-07-16 00:00:00+08:00,10.720369338989258,10.39875825881958,11.363591499328614,2.0,Trend-continuation,731,2026-07-17 00:00:00+08:00,Stop,10.39875825881958,-1.0
D05.SI,2026-07-17 00:00:00+08:00,2026-07-20 00:00:00+08:00,71.19806671142578,69.06212471008301,75.46995071411132,2.0,Pullback,746,2026-08-07 00:00:00+08:00,Target,75.46995071411132,2.0
BS6.SI,2026-07-23 00:00:00+08:00,2026-07-24 00:00:00+08:00,4.03000020980835,3.909100203514099,4.3202778366379695,2.4009728016318874,Trend-continuation,737,2026-07-27 00:00:00+08:00,Stop,3.909100203514099,-1.0
H78.SI,2026-07-27 00:00:00+08:00,2026-07-28 00:00:00+08:00,7.8838276863098145,7.64731285572052,8.616745948791504,3.0988258142441536,Trend-continuation,751,2026-08-17 00:00:00+08:00,Target,8.616745948791504,3.0988258142441536
BS6.SI,2026-07-28 00:00:00+08:00,2026-07-29 00:00:00+08:00,3.9100000858306885,3.7927000832557676,4.215370646413457,2.6033295300886694,Pullback,740,2026-07-30 00:00:00+08:00,Stop,3.7927000832557676,-1.0
A17U.SI,2026-07-29 00:00:00+08:00,2026-07-30 00:00:00+08:00,2.5687143691202077,2.4916529380466015,2.72283723126742,2.0,Breakout,745,2026-08-06 00:00:00+08:00,Stop,2.4916529380466015,-1.0
5E2.SI,2026-07-29 00:00:00+08:00,2026-07-30 00:00:00+08:00,2.1600000858306885,2.095200083255768,2.4000000953674316,3.7037037037037015,Pullback,755,2026-08-21 00:00:00+08:00,Still Open,2.1500000953674316,-0.1543208343501995
BS6.SI,2026-07-31 00:00:00+08:00,2026-08-03 00:00:00+08:00,3.9200000762939453,3.802400074005127,4.155200080871582,2.0,Pullback,746,2026-08-07 00:00:00+08:00,Target,4.155200080871582,2.0
9CI.SI,2026-08-04 00:00:00+08:00,2026-08-05 00:00:00+08:00,2.7381900191307067,2.6560443185567855,2.902481420278549,2.0,Breakout,753,2026-08-19 00:00:00+08:00,Stop,2.6560443185567855,-1.0
BS6.SI,2026-08-11 00:00:00+08:00,2026-08-12 00:00:00+08:00,4.673979846954345,4.533760451545715,4.954418637771606,2.0,Breakout,755,2026-08-21 00:00:00+08:00,Still Open,4.760000228881836,0.6134699245907351
O39.SI,2026-08-11 00:00:00+08:00,2026-08-12 00:00:00+08:00,31.186680662664152,30.251080242784226,33.057881502424,2.0,Breakout,753,2026-08-19 00:00:00+08:00,Stop,30.251080242784226,-1.0
H78.SI,2026-08-18 00:00:00+08:00,2026-08-19 00:00:00+08:00,8.250287055969238,8.002778444290161,8.745304279327392,2.0,Pullback,755,2026-08-21 00:00:00+08:00,Still Open,8.460000038146973,0.8472956991478383
O39.SI,2026-08-20 00:00:00+08:00,2026-08-21 00:00:00+08:00,30.780000686645508,29.85660066604614,32.62680072784424,2.0,Pullback,755,2026-08-21 00:00:00+08:00,Still Open,30.979999542236328,0.2165896156911538
S68.SI,2026-08-20 00:00:00+08:00,2026-08-21 00:00:00+08:00,24.90999984741211,24.162699851989746,26.404599838256836,2.0,Pullback,755,2026-08-21 00:00:00+08:00,Still Open,24.889999389648438,-0.026763626236031096
